,Open,High,Low,Close,Volume,DeliveryPct
2020-02-27,364.1,365.65,360.25,363.3,1827751.0,52.35
2020-02-28,357.95,357.95,341.55,346.15,4494646.0,67.26
2020-03-02,351.05,355.25,333.6,338.8,3837169.0,55.13
2020-03-03,340.6,357.7,340.6,355.3,4204156.0,49.42
2020-03-04,356.2,357.6,339.0,349.2,2331888.0,47.27
2020-03-05,353.75,357.1,347.0,348.5,1890082.0,48.24
2020-03-06,340.0,346.9,334.15,344.5,4469801.0,67.11
2020-03-09,338.0,340.85,319.15,330.1,5653412.0,42.11
2020-03-10,338.0,340.85,319.15,330.1,5653412.0,42.11
2020-03-11,326.85,337.75,325.0,327.85,3475868.0,68.4
2020-03-12,320.0,320.0,297.2,303.45,5405030.0,54.62
2020-03-13,273.55,327.8,258.0,324.25,7428604.0,61.81
2020-03-16,305.3,314.3,296.6,300.3,3695163.0,49.15
2020-03-17,305.0,308.7,282.0,283.85,3307865.0,54.95
2020-03-18,285.0,288.6,262.0,267.45,4038726.0,56.3
2020-03-19,258.0,265.5,232.25,250.75,6319923.0,44.31
2020-03-20,247.0,273.4,244.5,264.2,3907691.0,36.72
2020-03-23,240.0,247.9,225.0,226.5,2922955.0,56.16
2020-03-24,249.15,256.1,213.7,249.05,6054692.0,53.17
2020-03-25,248.1,282.45,246.9,277.15,3964419.0,48.35
2020-03-26,279.5,293.55,263.45,279.05,3335026.0,44.81
2020-03-27,290.0,294.95,279.25,284.75,2980927.0,56.2
2020-03-30,282.5,284.0,272.65,281.4,2901726.0,58.79
2020-03-31,291.5,297.0,284.85,294.85,3270034.0,62.37
2020-04-01,292.85,304.0,277.35,280.0,5532600.0,68.22
2020-04-02,292.85,304.0,277.35,280.0,5532600.0,68.22
2020-04-03,286.0,286.0,264.0,267.15,5990376.0,48.65
2020-04-06,286.0,286.0,264.0,267.15,5990376.0,48.65
2020-04-07,280.0,286.75,271.0,284.55,6492026.0,66.65
2020-04-08,282.7,296.0,276.7,294.4,5331494.0,58.27
2020-04-09,301.4,319.0,300.2,309.05,7699408.0,48.69
2020-04-10,301.4,319.0,300.2,309.05,7699408.0,48.69
2020-04-13,315.0,315.0,301.1,305.05,3699875.0,56.85
2020-04-15,311.1,322.75,305.0,315.65,5721837.0,50.33
2020-04-16,317.85,333.7,315.65,324.05,8211111.0,54.39
2020-04-17,334.95,336.4,316.85,324.5,4845929.0,55.99
2020-04-20,324.6,332.85,321.15,324.7,3621444.0,46.61
2020-04-21,318.0,320.0,311.0,312.4,3462477.0,64.47
2020-04-22,314.65,335.45,310.0,330.15,4645157.0,57.44
2020-04-23,338.0,339.8,325.3,329.95,3747888.0,37.1
2020-04-24,323.0,336.85,323.0,326.1,5438859.0,58.17
2020-04-27,331.95,351.35,331.25,349.35,7426428.0,58.0
2020-04-28,352.85,355.6,340.45,342.9,3767231.0,53.39
2020-04-29,343.0,356.0,343.0,354.0,3653520.0,59.39
2020-04-30,359.95,361.4,349.85,351.6,4760235.0,53.61
2020-05-01,359.95,361.4,349.85,351.6,4760235.0,53.61
2020-05-04,340.0,347.2,333.0,334.95,3385502.0,55.63
2020-05-05,339.0,342.9,327.85,329.5,2833278.0,56.86
2020-05-06,331.45,341.2,325.65,335.55,3642689.0,62.2
2020-05-07,335.95,344.6,328.8,341.3,3605559.0,59.14
2020-05-08,347.0,355.5,344.1,348.75,3247803.0,49.96
2020-05-11,353.85,365.0,349.05,355.0,4792046.0,52.55
2020-05-12,354.45,363.3,346.65,358.7,3258000.0,41.59
2020-05-13,375.0,375.0,348.5,356.35,8536960.0,53.22
2020-05-14,350.0,364.5,350.0,362.8,5120949.0,48.92
2020-05-15,353.1,367.75,349.1,352.2,9452903.0,53.47
2020-05-18,351.2,355.8,343.4,347.1,4181455.0,47.09
2020-05-19,350.9,363.0,349.25,358.05,5696557.0,44.79
2020-05-20,359.6,363.8,356.55,360.75,3489683.0,48.83
2020-05-21,363.9,366.4,355.3,360.3,3883273.0,64.41
2020-05-22,361.55,366.95,356.2,362.45,3958853.0,48.43
2020-05-25,361.55,366.95,356.2,362.45,3958853.0,48.43
2020-05-26,366.8,376.45,360.0,371.95,7728762.0,62.54
2020-05-27,374.6,375.7,362.2,368.55,3384200.0,48.48
2020-05-28,367.95,373.4,366.0,371.15,3390919.0,58.83
2020-05-29,370.55,382.8,357.35,366.9,63552596.0,51.3
2020-06-01,368.5,369.4,359.5,362.85,9637219.0,57.01
2020-06-02,362.85,370.0,361.3,367.45,2638814.0,53.99
2020-06-03,372.0,372.0,364.55,366.65,4027688.0,51.83
2020-06-04,369.5,383.5,366.0,381.5,4535656.0,37.49
2020-06-05,384.0,387.8,377.0,379.75,3140726.0,49.02
2020-06-08,384.0,385.95,377.55,379.45,1565959.0,42.23
2020-06-09,382.0,388.85,379.5,384.25,2635662.0,40.45
2020-06-10,385.95,393.95,380.2,384.65,3409853.0,30.93
2020-06-11,386.0,386.5,374.4,375.8,2856042.0,40.32
2020-06-12,365.1,373.05,365.1,371.0,3179903.0,55.7
2020-06-15,371.5,379.95,366.4,370.0,2293579.0,48.43
2020-06-16,376.0,377.95,360.25,369.05,2343185.0,44.92
2020-06-17,366.0,373.25,366.0,369.6,2556996.0,49.14
2020-06-18,367.8,374.0,365.0,372.15,1929542.0,51.56
2020-06-19,373.85,383.0,373.35,377.3,4249130.0,72.93
2020-06-22,383.0,385.15,377.6,381.1,2623145.0,54.89
2020-06-23,383.9,391.9,382.0,390.85,3834537.0,51.19
2020-06-24,391.9,394.9,379.35,383.1,3889495.0,53.07
2020-06-25,380.0,389.4,377.6,384.0,1961942.0,53.2
2020-06-26,387.1,388.95,382.5,385.65,1759164.0,57.81
2020-06-29,387.05,392.3,382.15,386.55,2764410.0,47.16
2020-06-30,388.0,391.8,385.9,387.45,1861565.0,50.08
2020-07-01,385.0,388.5,380.5,384.5,1611560.0,45.85
2020-07-02,385.0,395.0,384.55,390.8,2607208.0,53.41
2020-07-03,395.0,402.3,392.65,396.45,3223338.0,37.57
2020-07-06,400.05,408.45,397.3,405.7,4073356.0,44.95
2020-07-07,408.4,414.4,403.7,412.7,4088132.0,38.02
2020-07-08,416.15,436.3,414.85,432.4,6978409.0,28.46
2020-07-09,433.05,437.3,428.85,433.35,2808388.0,25.55
2020-07-10,429.55,437.75,428.65,430.1,3765369.0,49.62
2020-07-13,430.1,433.55,422.0,424.45,2552387.0,44.43
2020-07-14,420.0,426.45,417.5,419.35,3232206.0,59.18
2020-07-15,422.85,423.1,411.35,413.05,2076567.0,43.57
2020-07-16,415.4,415.8,407.15,410.3,2027081.0,55.72
2020-07-17,411.4,424.5,411.0,423.0,2740799.0,46.86
2020-07-20,426.7,426.7,417.95,423.1,1680913.0,42.87
2020-07-21,424.0,424.75,408.4,409.45,2752464.0,60.09
2020-07-22,410.0,417.4,404.0,407.0,2620408.0,32.36
2020-07-23,409.6,412.35,402.7,404.4,2992497.0,65.45
2020-07-24,404.7,415.0,402.35,408.45,3124083.0,35.07
2020-07-27,408.45,414.0,404.3,408.45,3132821.0,48.4
2020-07-28,409.95,416.4,409.0,413.05,3500424.0,53.2
2020-07-29,417.0,429.9,417.0,427.7,5938179.0,41.56
2020-07-30,430.4,432.0,421.55,424.9,1866344.0,39.5
2020-07-31,425.0,434.0,425.0,428.05,3115208.0,25.61
2020-08-03,428.95,440.0,427.7,434.1,2917293.0,43.53
2020-08-04,439.4,452.3,436.0,449.75,6816093.0,34.14
2020-08-05,465.0,471.8,440.3,447.6,20178367.0,26.41
2020-08-06,450.0,489.0,449.05,484.75,15882667.0,24.93
2020-08-07,487.6,529.95,482.7,518.6,30560093.0,20.86
2020-08-10,520.95,526.0,510.7,520.3,6832826.0,22.25
2020-08-11,524.5,527.9,514.3,515.9,4690415.0,36.88
2020-08-12,515.2,522.0,509.15,517.55,3883868.0,38.24
2020-08-13,520.0,543.0,518.55,539.05,7877240.0,21.19
2020-08-14,541.95,544.5,530.55,537.5,5922027.0,35.03
2020-08-17,541.15,548.0,538.3,543.75,5044208.0,41.58
2020-08-18,545.55,553.4,542.5,545.75,3328165.0,28.45
2020-08-19,547.45,551.1,542.35,548.2,3597625.0,43.47
2020-08-20,541.4,553.2,540.05,549.25,4812376.0,27.21
2020-08-21,553.0,556.95,544.15,545.8,2953395.0,44.6
2020-08-24,546.5,550.0,543.55,545.55,2123227.0,58.73
2020-08-25,547.4,547.7,541.25,545.55,1850495.0,53.72
2020-08-26,544.9,561.4,544.7,549.15,5778039.0,36.66
2020-08-27,552.8,553.85,543.5,544.65,2572198.0,56.88
2020-08-28,547.9,555.85,544.0,547.05,2692947.0,58.72
2020-08-31,549.0,552.35,528.2,532.35,5543930.0,61.98
2020-09-01,526.0,549.8,526.0,548.5,3854981.0,48.07
2020-09-02,552.0,556.0,542.1,549.85,4042692.0,50.89
2020-09-03,548.5,591.95,548.5,578.5,12052262.0,16.75
2020-09-04,568.95,587.4,566.6,569.05,6464047.0,21.47
2020-09-07,570.0,572.0,542.0,545.3,5254308.0,39.58
2020-09-08,547.2,548.7,533.65,538.35,3891955.0,48.09
2020-09-09,534.0,540.9,529.15,534.75,4392057.0,52.63
2020-09-10,538.0,548.9,534.15,546.55,3787088.0,26.58
2020-09-11,549.8,553.0,540.95,548.4,3451646.0,29.42
2020-09-14,552.0,555.2,543.4,546.5,2809333.0,39.72
2020-09-15,547.0,550.5,540.5,542.35,1813411.0,49.67
2020-09-16,541.95,546.35,537.55,542.4,2127939.0,42.19
2020-09-17,542.0,552.0,533.15,548.3,3725336.0,25.31
2020-09-18,551.05,553.25,537.3,540.6,9395458.0,56.45
2020-09-21,540.6,542.3,502.0,507.75,3886373.0,40.08
2020-09-22,504.45,511.7,490.4,504.4,5113531.0,42.99
2020-09-23,506.0,510.9,490.0,493.55,4284384.0,59.91
2020-09-24,489.9,492.85,478.0,488.65,9647490.0,67.13
2020-09-25,498.8,512.0,495.3,509.8,5153485.0,32.68
2020-09-28,514.0,522.0,503.55,517.0,5554225.0,37.48
2020-09-29,519.6,527.0,500.1,503.25,4918426.0,45.2
2020-09-30,507.0,515.5,495.55,499.95,6252290.0,43.29
2020-10-01,508.55,511.2,499.1,509.1,3070369.0,27.07
2020-10-02,508.55,511.2,499.1,509.1,3070369.0,27.07
2020-10-05,513.4,513.4,502.1,503.55,2023148.0,47.5
2020-10-06,507.0,513.5,502.85,505.6,2973464.0,36.54
2020-10-07,507.0,511.0,501.6,505.05,2157279.0,32.42
2020-10-08,506.8,508.3,485.0,488.25,5419804.0,48.75
2020-10-09,490.2,493.05,470.05,471.25,6721697.0,52.44
2020-10-12,474.5,483.6,470.35,474.7,4422571.0,35.32
2020-10-13,473.8,477.5,467.05,468.95,2260828.0,46.35
2020-10-14,468.7,491.4,463.55,489.8,8021661.0,24.39
2020-10-15,493.0,494.2,471.0,474.1,4700097.0,32.88
2020-10-16,478.75,486.7,475.05,477.1,4313466.0,25.91
2020-10-19,481.9,484.25,472.05,475.85,3162082.0,43.42
2020-10-20,476.0,484.0,475.15,477.9,2736592.0,46.03
2020-10-21,479.7,482.3,458.95,465.3,4907270.0,40.35
2020-10-22,465.65,470.5,460.45,466.2,3460945.0,38.03
2020-10-23,469.95,474.0,466.2,472.8,2619244.0,32.86
2020-10-26,474.9,484.3,470.15,476.95,6102542.0,39.8
2020-10-27,478.0,501.65,478.0,498.75,10455347.0,48.87
2020-10-28,501.8,504.8,489.55,492.85,5195487.0,37.04
2020-10-29,488.6,495.4,484.3,492.0,4366108.0,56.63
2020-10-30,494.0,500.3,488.9,492.85,4403239.0,54.13
2020-11-02,494.0,498.2,488.3,493.75,6105178.0,44.38
2020-11-03,497.8,504.55,488.3,489.5,8103580.0,50.23
2020-11-04,491.0,498.55,489.0,492.75,5024804.0,40.87
2020-11-05,497.0,509.2,495.85,506.45,5208756.0,34.21
2020-11-06,507.75,510.35,501.45,504.2,3209659.0,36.96
2020-11-09,511.0,517.85,505.5,509.85,6179187.0,33.2
2020-11-10,511.2,513.5,495.0,498.4,3255303.0,34.45
2020-11-11,499.5,504.9,495.0,503.45,2912596.0,37.33
2020-11-12,505.0,512.5,502.2,508.75,2737879.0,29.2
2020-11-13,509.8,519.0,508.2,513.25,4005435.0,28.29
2020-11-16,517.85,518.9,515.0,516.15,530739.0,55.58
2020-11-17,518.0,521.85,513.1,518.3,2774413.0,53.07
2020-11-18,518.3,524.0,514.0,516.9,3693589.0,51.92
2020-11-19,515.9,528.0,512.25,515.6,3655576.0,44.81
2020-11-20,520.25,523.8,515.6,519.05,2767344.0,50.79
2020-11-23,520.0,534.9,519.0,521.65,5314636.0,41.42
2020-11-24,524.2,530.7,521.65,526.85,4070241.0,49.61
2020-11-25,529.25,529.4,508.4,514.8,2941845.0,45.72
2020-11-26,516.5,523.6,505.05,519.85,3566655.0,36.71
2020-11-27,520.8,545.3,520.55,538.0,18853563.0,80.09
2020-11-30,520.8,545.3,520.55,538.0,18853563.0,80.09
2020-12-01,554.0,554.0,525.3,529.3,5105352.0,37.21
2020-12-02,532.0,541.8,530.1,539.25,3694795.0,36.14
2020-12-03,541.0,552.9,540.0,550.4,3859218.0,53.1
2020-12-04,552.0,566.9,549.75,563.5,4170295.0,43.8
2020-12-07,563.95,570.0,561.0,567.85,3707125.0,53.48
2020-12-08,570.0,570.0,558.0,562.75,2866169.0,44.42
2020-12-09,564.0,570.0,560.35,565.5,2567264.0,51.43
2020-12-10,562.0,584.7,560.2,579.9,4578520.0,34.03
2020-12-11,584.8,589.35,570.55,576.4,3441778.0,27.14
2020-12-14,579.8,583.0,572.1,577.0,2482828.0,32.45
2020-12-15,577.0,580.65,566.5,571.3,3411634.0,48.61
2020-12-16,574.9,585.2,573.7,583.6,3686970.0,40.4
2020-12-17,584.95,593.4,575.55,577.3,3608243.0,37.29
2020-12-18,578.0,581.9,567.5,573.55,5068565.0,56.16
2020-12-21,574.0,579.95,553.7,562.75,4816486.0,55.68
2020-12-22,559.8,578.05,551.0,576.0,3264707.0,41.45
2020-12-23,577.8,606.85,573.05,605.3,7582654.0,33.82
2020-12-24,615.0,616.1,597.05,601.0,5295707.0,28.54
2020-12-25,615.0,616.1,597.05,601.0,5295707.0,28.54
2020-12-28,607.7,611.95,599.2,602.45,2351027.0,31.95
2020-12-29,607.7,607.7,593.2,598.6,2114428.0,36.45
2020-12-30,598.8,604.0,590.05,594.35,2297999.0,46.36
2020-12-31,597.45,599.75,587.0,589.9,2322873.0,42.47
2021-01-01,593.0,606.8,591.0,601.5,3606724.0,22.45
2021-01-04,606.95,606.95,597.5,604.0,2120531.0,34.98
2021-01-05,604.0,614.3,601.1,609.55,3813409.0,27.83
2021-01-06,613.0,613.8,595.4,604.95,2167700.0,35.46
2021-01-07,609.7,610.3,598.55,600.85,2195640.0,48.33
2021-01-08,606.8,612.5,602.6,609.55,3458752.0,44.47
2021-01-11,613.0,632.8,609.5,629.0,6360644.0,27.78
2021-01-12,632.6,634.9,620.0,624.3,4562628.0,28.76
2021-01-13,626.8,633.0,611.3,620.4,3660044.0,36.92
2021-01-14,622.9,623.0,608.65,614.0,3576000.0,60.51
2021-01-15,610.0,613.5,595.0,602.4,4492648.0,49.89
2021-01-18,601.5,601.5,581.0,584.75,3346718.0,40.3
2021-01-19,590.0,591.0,577.35,582.7,5743934.0,54.76
2021-01-20,588.0,602.7,583.6,596.65,6156865.0,19.11
2021-01-21,603.4,612.75,590.05,595.25,4506198.0,19.83
2021-01-22,599.2,606.9,582.6,584.75,4307126.0,37.38
2021-01-25,587.8,589.85,570.0,573.6,2016556.0,24.76
2021-01-26,587.8,589.85,570.0,573.6,2016556.0,24.76
2021-01-27,573.0,588.55,566.55,572.65,3662455.0,31.81
2021-01-28,571.9,576.0,561.5,564.6,4769073.0,43.01
2021-01-29,574.0,574.0,554.25,559.8,3593336.0,52.46
2021-02-01,563.0,588.75,554.35,584.15,4707518.0,40.01
2021-02-02,590.0,596.4,567.15,575.35,5713446.0,36.38
2021-02-03,589.0,598.0,571.0,580.15,10599727.0,24.76
2021-02-04,585.0,590.0,577.55,588.05,3816120.0,34.13
2021-02-05,593.9,600.0,589.2,592.5,5918498.0,35.15
2021-02-08,595.0,604.8,594.9,597.1,3970852.0,35.27
2021-02-09,597.0,607.5,594.55,598.7,3072281.0,35.26
2021-02-10,600.75,605.95,597.3,600.75,2435907.0,35.79
2021-02-11,603.3,622.0,598.35,610.35,7033762.0,26.23
2021-02-12,616.2,616.2,603.5,607.5,3621853.0,40.03
2021-02-15,608.0,625.5,607.4,623.1,3234989.0,36.54
2021-02-16,629.9,634.95,617.55,628.35,6418986.0,32.47
2021-02-17,636.0,645.7,624.25,632.15,8556599.0,20.28
2021-02-18,637.45,643.4,621.15,624.0,4457424.0,45.49
2021-02-19,624.0,626.1,610.45,616.95,3013104.0,36.99
2021-02-22,619.0,623.55,612.0,618.3,3020000.0,41.61
2021-02-23,619.9,635.0,616.0,627.5,4222282.0,25.72
2021-02-24,654.0,654.0,615.0,625.95,10479819.0,27.26
2021-02-25,628.9,639.15,624.35,628.5,4977348.0,36.02
2021-02-26,625.0,625.9,604.5,609.15,5547291.0,50.01
2021-03-01,614.9,628.5,609.2,624.55,2530243.0,39.21
2021-03-02,628.5,636.0,622.0,632.35,3051386.0,40.32
2021-03-03,635.0,648.0,633.0,636.9,3601961.0,39.04
2021-03-04,634.9,643.85,628.8,631.1,2621353.0,44.63
2021-03-05,633.7,643.5,618.0,622.65,2839628.0,35.66
2021-03-08,626.9,628.2,615.0,616.05,1939925.0,55.33
2021-03-09,618.8,620.9,602.0,611.7,3065358.0,49.11
2021-03-10,616.8,623.65,615.0,620.95,2778304.0,46.17
2021-03-11,616.8,623.65,615.0,620.95,2778304.0,46.17
2021-03-12,623.0,624.8,613.4,615.25,1884687.0,50.95
2021-03-15,617.1,618.8,602.4,607.65,2765589.0,52.65
2021-03-16,611.55,618.0,608.5,610.65,2480801.0,42.78
2021-03-17,612.0,612.4,600.1,603.35,2263020.0,49.62
2021-03-18,606.0,608.2,587.0,594.9,3387208.0,45.08
2021-03-19,590.0,607.65,577.05,600.25,4874177.0,56.87
2021-03-22,603.0,623.05,596.25,620.55,3154483.0,42.32
2021-03-23,621.0,640.0,620.55,634.1,4940745.0,39.77
2021-03-24,632.8,639.15,624.65,629.1,2938251.0,50.7
2021-03-25,634.0,634.2,611.0,614.85,2981311.0,41.99
2021-03-26,620.0,634.95,615.1,628.3,3557256.0,47.87
2021-03-29,620.0,634.95,615.1,628.3,3557256.0,47.87
2021-03-30,630.85,637.6,617.55,628.9,19895352.0,73.38
2021-03-31,630.0,645.7,630.0,638.9,4424477.0,34.3
2021-04-01,641.0,652.95,640.65,650.15,3844057.0,33.46
2021-04-02,641.0,652.95,640.65,650.15,3844057.0,33.46
2021-04-05,651.95,651.95,639.2,644.95,3568896.0,36.0
2021-04-06,645.2,679.0,638.1,674.55,7636739.0,18.89
2021-04-07,674.95,674.95,659.15,665.75,3898156.0,31.83
2021-04-08,667.05,677.2,666.8,670.7,2477848.0,37.81
2021-04-09,670.0,685.0,665.0,679.8,2566543.0,29.35
2021-04-12,675.0,675.6,650.0,655.6,4201041.0,33.09
2021-04-13,657.0,677.9,656.0,663.95,3065417.0,26.35
2021-04-14,657.0,677.9,656.0,663.95,3065417.0,26.35
2021-04-15,662.8,674.0,647.15,659.3,3193956.0,45.33
2021-04-16,662.8,676.55,660.3,671.3,2708331.0,26.77
2021-04-19,662.0,668.8,651.5,664.1,2620095.0,33.95
2021-04-20,677.35,698.0,666.3,680.1,8230341.0,15.19
2021-04-21,677.35,698.0,666.3,680.1,8230341.0,15.19
2021-04-22,680.7,680.7,663.0,665.5,3013453.0,34.86
2021-04-23,667.0,675.7,661.0,664.6,2329094.0,26.28
2021-04-26,667.0,675.0,662.05,670.2,1845322.0,35.28
2021-04-27,674.95,679.9,668.1,673.7,2258769.0,45.62
2021-04-28,677.0,693.0,675.0,677.15,3900923.0,27.71
2021-04-29,678.35,680.45,666.0,671.85,3247095.0,37.71
2021-04-30,671.0,678.0,665.05,669.5,2206232.0,45.47
2021-05-03,661.85,682.5,661.0,677.1,1985777.0,17.44
2021-05-04,681.0,686.3,641.55,645.25,7400792.0,35.56
2021-05-05,649.0,656.0,640.05,649.05,3332318.0,28.33
2021-05-06,652.0,654.95,638.15,653.1,4000163.0,34.22
2021-05-07,636.0,642.0,614.0,629.0,14598653.0,27.79
2021-05-10,627.0,636.95,621.0,633.15,5026811.0,32.19
2021-05-11,628.0,649.9,625.0,641.6,4619231.0,27.32
2021-05-12,645.0,646.7,631.1,640.05,3137276.0,39.88
2021-05-13,645.0,646.7,631.1,640.05,3137276.0,39.88
2021-05-14,640.5,649.5,638.05,645.15,2927148.0,23.67
2021-05-17,646.0,657.4,640.1,653.3,2659352.0,27.13
2021-05-18,658.0,658.0,648.0,653.0,2267368.0,36.49
2021-05-19,652.0,661.0,650.7,653.2,3202046.0,45.36
2021-05-20,656.0,656.0,640.1,644.9,2102743.0,38.71
2021-05-21,645.05,652.5,644.3,649.7,1833201.0,46.91
2021-05-24,650.0,654.7,638.5,640.1,2669967.0,52.31
2021-05-25,641.0,652.0,641.0,649.95,2085253.0,43.02
2021-05-26,652.0,655.0,640.65,641.9,2314694.0,51.5
2021-05-27,643.5,652.0,641.15,648.55,3543940.0,66.0
2021-05-28,650.5,657.7,646.3,654.95,2881977.0,50.77
2021-05-31,659.95,665.0,650.2,663.85,3417033.0,45.84
2021-06-01,665.8,667.25,656.8,665.8,2355484.0,48.79
2021-06-02,665.5,674.75,660.15,673.55,3021421.0,48.77
2021-06-03,676.0,683.0,673.25,680.0,2485855.0,46.97
2021-06-04,680.85,689.95,675.0,686.95,2398771.0,41.33
2021-06-07,690.0,707.0,687.3,699.95,3511853.0,31.81
2021-06-08,705.15,715.4,701.6,710.45,3981598.0,29.39
2021-06-09,712.3,714.85,700.75,702.85,3039558.0,53.69
2021-06-10,704.3,718.75,704.0,707.7,2571253.0,30.36
2021-06-11,714.15,717.35,709.5,715.4,2171601.0,47.49
2021-06-14,715.4,717.0,702.6,714.75,1798953.0,40.44
2021-06-15,718.0,724.1,715.4,719.5,2387652.0,43.51
2021-06-16,724.0,737.75,721.0,735.9,4134529.0,23.0
2021-06-17,730.55,747.3,724.85,745.0,4167585.0,32.73
2021-06-18,746.0,747.45,732.1,739.8,3762934.0,56.12
2021-06-21,729.0,743.95,727.85,742.55,1594856.0,38.62
2021-06-22,748.0,758.75,742.35,756.7,3346784.0,44.22
2021-06-23,760.0,765.0,751.85,757.85,2952360.0,34.75
2021-06-24,762.0,763.8,754.0,757.45,1668843.0,39.19
2021-06-25,755.0,763.45,753.5,757.6,1588289.0,52.2
2021-06-28,762.0,769.7,759.0,765.65,1486902.0,35.24
2021-06-29,766.4,771.9,755.85,758.05,1506378.0,46.66
2021-06-30,765.0,768.35,749.4,754.4,1733070.0,40.32
2021-07-01,755.8,760.0,750.0,756.05,1914434.0,59.58
2021-07-02,757.9,768.8,753.2,763.6,1916135.0,36.58
2021-07-05,770.45,771.5,765.0,766.3,1020895.0,30.46
2021-07-06,768.0,769.0,758.0,762.6,1411602.0,48.99
2021-07-07,759.0,766.05,751.25,763.05,2104914.0,37.03
2021-07-08,762.95,766.0,757.0,763.3,1540033.0,46.23
2021-07-09,763.0,772.75,759.7,765.95,1151792.0,23.82
2021-07-12,771.0,786.85,769.1,775.9,2992685.0,12.96
2021-07-13,780.9,780.9,766.7,772.85,1500414.0,50.37
2021-07-14,773.6,776.7,763.4,768.2,1094262.0,47.8
2021-07-15,769.0,774.6,763.5,772.35,965602.0,57.14
2021-07-16,772.35,774.95,761.4,763.0,980383.0,53.54
2021-07-19,761.0,770.0,758.55,765.55,1695546.0,53.9
2021-07-20,762.0,768.0,747.0,757.1,2195159.0,65.56
2021-07-21,762.0,768.0,747.0,757.1,2195159.0,65.56
2021-07-22,763.5,765.9,755.1,764.2,1464419.0,61.25
2021-07-23,767.15,777.0,766.0,775.15,2021122.0,47.52
2021-07-26,780.25,786.0,770.8,776.35,2154261.0,27.45
2021-07-27,780.4,788.15,764.0,769.75,2001824.0,35.03
2021-07-28,768.95,770.0,739.2,754.9,3112462.0,39.89
2021-07-29,755.0,759.9,748.5,751.2,1742057.0,52.81
2021-07-30,752.0,762.0,745.2,756.25,1613176.0,54.86
2021-08-02,763.0,771.0,756.6,759.55,2054226.0,49.94
2021-08-03,760.0,770.75,759.55,767.65,2946289.0,52.21
2021-08-04,770.0,770.0,755.15,758.75,5426419.0,59.32
2021-08-05,761.0,770.7,757.3,768.35,2469893.0,57.89
2021-08-06,773.0,798.35,772.0,781.35,7849735.0,51.92
2021-08-09,783.45,783.45,763.0,764.85,1661739.0,36.09
2021-08-10,765.9,774.55,761.05,771.9,1429806.0,39.92
2021-08-11,771.9,774.2,752.0,765.0,1391781.0,42.18
2021-08-12,765.65,776.2,763.0,774.25,880420.0,54.87
2021-08-13,777.0,810.8,774.3,807.45,7956492.0,24.2
2021-08-16,807.4,815.45,800.1,802.15,2604160.0,29.42
2021-08-17,805.0,835.0,805.0,832.8,7580699.0,17.08
2021-08-18,839.25,844.85,830.15,841.4,3048603.0,18.78
2021-08-19,839.25,844.85,830.15,841.4,3048603.0,18.78
2021-08-20,832.95,852.4,826.7,847.3,3782381.0,27.52
2021-08-23,849.65,849.7,823.0,832.5,2161681.0,23.16
2021-08-24,833.5,840.45,827.0,836.9,1170096.0,34.44
2021-08-25,836.1,850.65,833.25,836.0,1777820.0,23.83
2021-08-26,842.0,856.8,834.55,853.3,2464570.0,26.53
2021-08-27,853.95,860.9,844.0,847.95,2366396.0,25.18
2021-08-30,850.0,862.75,850.0,860.5,1875514.0,39.89
2021-08-31,862.0,867.7,856.45,864.95,2132008.0,55.76
2021-09-01,871.1,874.7,852.3,867.45,2051666.0,44.58
2021-09-02,866.4,875.0,862.05,871.45,1314628.0,41.69
2021-09-03,873.55,873.55,862.15,869.85,1075187.0,42.3
2021-09-06,869.85,877.65,863.0,870.05,985142.0,40.33
2021-09-07,870.0,889.0,864.95,868.3,2840271.0,19.15
2021-09-08,874.3,881.35,855.55,879.8,1601842.0,39.8
2021-09-09,875.0,887.55,872.55,875.6,1685368.0,41.93
2021-09-10,875.0,887.55,872.55,875.6,1685368.0,41.93
2021-09-13,876.8,884.0,870.7,882.1,1064009.0,44.33
2021-09-14,884.8,885.9,877.6,881.3,622424.0,44.27
2021-09-15,885.0,887.4,870.5,871.55,1945751.0,65.76
2021-09-16,873.5,883.0,871.35,874.0,1294536.0,41.34
2021-09-17,879.9,881.0,866.3,874.15,1829129.0,53.73
2021-09-20,870.05,876.95,855.0,857.0,1081450.0,45.18
2021-09-21,855.0,864.45,851.0,858.9,1478291.0,50.54
2021-09-22,862.0,863.35,851.9,854.15,982114.0,57.23
2021-09-23,857.15,859.75,849.05,850.65,1464265.0,69.38
2021-09-24,850.65,852.0,834.0,836.75,2846056.0,64.08
2021-09-27,837.1,842.4,829.0,835.05,1433229.0,50.68
2021-09-28,837.0,837.4,817.0,822.7,1933307.0,55.46
2021-09-29,824.5,829.4,811.0,823.45,2156442.0,43.05
2021-09-30,823.0,823.95,810.85,813.6,1622014.0,53.14
2021-10-01,812.9,820.0,796.0,801.25,1989799.0,45.37
2021-10-04,805.05,817.25,801.75,814.3,1709463.0,42.75
2021-10-05,815.0,819.2,799.7,801.45,3499870.0,62.24
2021-10-06,809.35,834.0,803.0,820.65,5215518.0,23.3
2021-10-07,828.0,830.7,821.35,824.55,1500439.0,32.96
2021-10-08,826.9,828.95,812.45,818.75,1747911.0,46.22
2021-10-11,821.4,826.5,813.0,816.25,1772719.0,68.21
2021-10-12,817.5,823.0,813.6,816.15,1246493.0,44.44
2021-10-13,820.0,854.0,818.05,848.15,7233280.0,30.7
2021-10-14,859.95,860.0,846.0,849.6,2352197.0,43.55
2021-10-15,859.95,860.0,846.0,849.6,2352197.0,43.55
2021-10-18,863.0,863.0,842.05,843.95,1914236.0,48.26
2021-10-19,849.0,862.0,840.1,843.3,1915361.0,29.73
2021-10-20,841.0,851.9,822.55,826.95,1535158.0,29.26
2021-10-21,837.15,838.75,808.0,814.8,2257911.0,35.67
2021-10-22,818.65,821.8,790.0,795.25,2948977.0,43.25
2021-10-25,793.0,800.6,773.6,788.95,2954698.0,41.52
2021-10-26,786.1,811.9,786.1,808.9,1776800.0,41.42
2021-10-27,812.0,821.2,809.65,818.75,1930632.0,49.05
2021-10-28,818.0,822.55,805.95,809.7,1822874.0,51.1
2021-10-29,807.0,818.5,794.15,809.5,2220844.0,47.06
2021-11-01,821.5,830.0,806.0,824.9,1552830.0,37.29
2021-11-02,827.9,836.0,822.8,833.8,1251565.0,39.56
2021-11-03,833.0,839.0,820.05,826.9,1044563.0,46.51
2021-11-04,833.0,839.0,820.05,826.9,1044563.0,46.51
2021-11-05,834.0,834.6,826.0,827.4,175837.0,57.24
2021-11-08,830.0,838.2,817.05,836.35,891122.0,35.19
2021-11-09,835.9,841.5,826.0,835.65,1481130.0,51.96
2021-11-10,837.05,846.0,830.75,842.4,1371873.0,50.18
2021-11-11,842.15,842.15,823.4,837.65,1411243.0,51.7
2021-11-12,842.25,852.85,840.0,847.9,1180441.0,42.97
2021-11-15,852.5,858.0,847.45,852.55,1190768.0,50.9
2021-11-16,855.9,858.0,830.05,833.4,1669041.0,48.5
2021-11-17,833.9,847.35,832.5,836.4,1439354.0,49.99
2021-11-18,837.2,843.0,822.3,832.05,1132067.0,51.87
2021-11-19,837.2,843.0,822.3,832.05,1132067.0,51.87
2021-11-22,832.05,839.05,807.45,812.75,1951384.0,51.56
2021-11-23,802.0,823.85,802.0,820.95,1025086.0,39.84
2021-11-24,824.0,830.0,796.0,798.95,1634131.0,51.63
2021-11-25,799.0,810.5,795.6,807.8,1767252.0,19.53
2021-11-26,800.2,805.0,763.15,766.7,2616604.0,48.42
2021-11-29,766.75,774.9,749.25,766.0,1584564.0,41.09
2021-11-30,765.0,789.65,764.2,778.6,3529356.0,54.34
2021-12-01,789.9,790.85,767.45,772.8,1263844.0,42.0
2021-12-02,772.8,780.9,763.55,773.25,1766820.0,58.02
2021-12-03,767.5,781.0,767.1,774.3,1408239.0,53.71
2021-12-06,777.0,778.0,745.55,747.6,1654143.0,49.91
2021-12-07,758.35,765.5,744.0,760.7,1741795.0,46.36
2021-12-08,758.6,773.65,758.6,772.15,1002435.0,48.27
2021-12-09,773.0,779.05,766.05,777.5,935828.0,47.24
2021-12-10,781.65,781.95,765.35,769.65,1412794.0,39.78
2021-12-13,774.0,777.25,752.0,754.1,1944410.0,63.2
2021-12-14,753.0,753.95,732.4,739.5,2333787.0,51.03
2021-12-15,742.0,750.5,735.2,746.3,1676700.0,49.48
2021-12-16,747.0,750.0,735.3,740.25,1452909.0,54.87
2021-12-17,738.0,738.8,721.05,726.35,1693819.0,58.55
2021-12-20,717.45,719.55,696.6,709.55,2520192.0,57.53
2021-12-21,710.55,725.6,704.8,705.7,2695789.0,48.41
2021-12-22,706.2,717.55,703.8,714.95,1035751.0,41.84
2021-12-23,720.0,729.6,712.25,726.75,1095354.0,44.6
2021-12-24,729.0,729.0,714.0,718.95,931510.0,36.86
2021-12-27,710.0,724.5,706.75,718.5,691930.0,29.69
2021-12-28,722.3,729.55,719.4,726.95,819253.0,51.62
2021-12-29,728.0,728.9,720.0,726.65,783940.0,49.71
2021-12-30,729.0,737.85,725.3,728.0,2230935.0,28.12
2021-12-31,730.0,745.0,729.05,743.45,865277.0,38.07
2022-01-03,747.0,749.4,740.0,748.0,925699.0,49.53
2022-01-04,752.0,756.7,731.05,738.85,2352482.0,44.3
2022-01-05,740.25,743.5,726.5,733.6,2076552.0,48.57
2022-01-06,733.0,734.95,722.55,725.45,2077754.0,45.1
2022-01-07,725.45,744.65,725.05,736.1,2107056.0,38.81
2022-01-10,740.45,743.0,731.0,731.9,1592097.0,54.75
2022-01-11,736.45,743.6,730.75,738.65,1905347.0,50.09
2022-01-12,743.0,743.3,733.15,736.1,1817215.0,64.35
2022-01-13,737.0,739.45,723.6,730.2,1604671.0,44.87
2022-01-14,730.2,777.0,727.0,762.5,8733345.0,26.26
2022-01-17,768.0,771.35,759.25,765.1,1857366.0,40.56
2022-01-18,763.8,770.0,728.4,731.45,2674149.0,38.85
2022-01-19,734.95,738.0,714.0,717.65,2426249.0,41.27
2022-01-20,728.05,746.25,717.2,723.45,5297725.0,31.95
2022-01-21,721.0,742.95,712.0,726.55,4854277.0,49.04
2022-01-24,725.0,725.0,688.5,691.45,3114690.0,40.01
2022-01-25,690.0,709.95,675.0,707.75,2030546.0,42.29
2022-01-26,690.0,709.95,675.0,707.75,2030546.0,42.29
2022-01-27,700.0,709.5,687.5,705.95,3118535.0,61.98
2022-01-28,706.5,729.9,706.5,717.9,2074152.0,41.82
2022-01-31,726.0,736.95,722.05,727.3,1682459.0,38.88
2022-02-01,732.0,739.0,717.05,736.1,2063749.0,49.74
2022-02-02,741.6,744.9,734.6,742.45,1771997.0,54.48
2022-02-03,750.0,769.0,733.35,738.1,8154082.0,17.23
2022-02-04,741.0,746.55,722.2,733.8,1931658.0,32.07
2022-02-07,729.0,736.75,702.05,704.8,1908753.0,36.85
2022-02-08,705.1,710.0,691.35,697.1,2410446.0,47.97
2022-02-09,706.0,709.0,696.55,700.2,2206837.0,38.32
2022-02-10,706.25,711.0,699.0,706.7,1770292.0,53.49
2022-02-11,695.0,703.1,690.0,701.0,2013324.0,52.14
2022-02-14,689.0,700.8,684.05,694.3,2069409.0,57.99
2022-02-15,693.0,706.0,689.15,702.0,2209622.0,47.24
2022-02-16,705.5,708.35,696.05,701.0,1217196.0,42.01
2022-02-17,701.5,726.15,701.5,720.35,3442092.0,26.78
2022-02-18,715.6,724.6,712.2,717.5,1686289.0,48.15
2022-02-21,710.5,721.35,704.5,713.2,1542807.0,42.38
2022-02-22,690.0,716.9,690.0,715.2,1861977.0,48.27
2022-02-23,715.0,731.2,714.1,723.25,1816654.0,41.01
2022-02-24,699.0,714.55,674.05,677.7,3091298.0,41.73
2022-02-25,690.0,713.35,685.6,709.5,1771881.0,40.72
2022-02-28,699.5,720.8,694.55,718.6,1935344.0,48.8
2022-03-01,699.5,720.8,694.55,718.6,1935344.0,48.8
2022-03-02,711.95,718.6,701.55,711.0,1938441.0,44.75
2022-03-03,712.15,718.75,684.55,687.05,2112330.0,51.91
2022-03-04,688.4,688.4,657.5,669.95,2833168.0,48.29
2022-03-07,659.0,673.5,650.2,659.85,2137318.0,47.24
2022-03-08,659.0,687.75,658.0,683.7,2850859.0,35.8
2022-03-09,685.0,705.9,678.3,699.15,1920634.0,35.71
2022-03-10,705.55,727.5,705.55,724.2,2574455.0,46.52
2022-03-11,724.3,726.05,707.45,716.45,2305707.0,36.11
2022-03-14,720.0,724.0,709.65,722.25,1584725.0,43.54
2022-03-15,724.0,774.0,723.75,748.6,9386502.0,25.61
2022-03-16,754.0,755.55,740.6,747.85,1959778.0,29.3
2022-03-17,758.0,774.45,754.25,772.3,3099238.0,40.59
2022-03-18,758.0,774.45,754.25,772.3,3099238.0,40.59
2022-03-21,772.0,773.85,745.3,747.8,1889226.0,49.85
2022-03-22,750.0,758.0,731.4,752.9,3047970.0,21.61
2022-03-23,759.5,760.0,745.1,748.8,1103251.0,39.47
2022-03-24,748.0,751.6,738.7,740.5,1179087.0,41.08
2022-03-25,740.0,740.0,708.6,733.35,2968621.0,34.74
2022-03-28,734.0,746.2,728.15,741.25,1833105.0,33.74
2022-03-29,742.0,747.75,735.6,743.2,985708.0,38.13
2022-03-30,750.0,782.75,749.0,765.85,8328100.0,22.04
2022-03-31,767.95,780.0,765.9,777.4,2892133.0,42.55
2022-04-01,779.95,792.5,779.0,789.8,3082307.0,46.09
2022-04-04,792.0,795.0,781.75,788.1,1565651.0,33.66
2022-04-05,791.0,810.0,788.2,806.65,2912280.0,41.63
2022-04-06,810.45,812.5,797.05,809.25,2004175.0,40.53
2022-04-07,809.0,818.3,802.05,804.9,1965237.0,37.09
2022-04-08,810.5,819.85,804.0,817.7,1406219.0,33.67
2022-04-11,817.7,824.0,809.5,821.5,1231236.0,43.44
2022-04-12,821.5,822.85,802.55,812.1,1193490.0,40.4
2022-04-13,812.1,823.5,811.05,817.6,1036739.0,39.97
2022-04-14,812.1,823.5,811.05,817.6,1036739.0,39.97
2022-04-15,812.1,823.5,811.05,817.6,1036739.0,39.97
2022-04-18,816.2,824.9,809.0,822.3,1480954.0,44.34
2022-04-19,825.0,836.85,784.85,791.35,2460482.0,41.76
2022-04-20,800.0,813.45,792.1,810.45,1522453.0,38.85
2022-04-21,812.0,822.0,804.25,820.05,1344250.0,52.34
2022-04-22,818.0,821.6,803.1,815.6,1880668.0,52.27
2022-04-25,802.0,809.9,789.55,792.75,1193621.0,43.7
2022-04-26,798.25,824.35,795.0,822.05,1285209.0,42.0
2022-04-27,814.9,817.85,796.3,798.6,1186809.0,47.03
2022-04-28,810.85,819.0,799.6,811.65,1802590.0,54.64
2022-04-29,815.0,835.25,813.0,823.75,2268921.0,45.96
2022-05-02,823.3,828.65,810.0,824.4,1439813.0,30.15
2022-05-03,823.3,828.65,810.0,824.4,1439813.0,30.15
2022-05-04,824.4,832.0,800.8,803.3,1817504.0,42.84
2022-05-05,810.0,812.0,772.5,776.35,5079723.0,18.21
2022-05-06,770.0,778.5,762.95,764.95,2003395.0,27.13
2022-05-09,763.0,768.0,754.0,758.25,1742459.0,40.36
2022-05-10,759.45,772.45,743.05,745.8,1326184.0,33.94
2022-05-11,745.8,758.8,738.0,744.1,1287768.0,32.48
2022-05-12,742.0,748.0,728.0,738.05,1488552.0,47.72
2022-05-13,747.0,761.25,735.05,737.6,1481400.0,39.11
2022-05-16,739.0,744.45,730.0,735.5,829085.0,33.4
2022-05-17,737.0,742.75,721.05,734.25,2536701.0,53.68
2022-05-18,736.85,757.9,733.8,754.3,2750146.0,29.43
2022-05-19,745.0,746.45,718.65,721.3,1504820.0,38.17
2022-05-20,735.0,742.75,731.4,739.6,1205301.0,45.54
2022-05-23,745.0,748.75,728.05,729.7,970827.0,37.42
2022-05-24,735.0,738.0,710.0,715.15,1513724.0,42.92
2022-05-25,719.7,723.95,710.05,716.2,822598.0,33.18
2022-05-26,722.3,724.85,698.0,722.25,1339748.0,21.19
2022-05-27,730.0,731.6,722.6,725.45,1039408.0,37.59
2022-05-30,731.0,753.0,729.1,750.15,1145649.0,37.6
2022-05-31,753.0,779.95,743.0,759.75,6125585.0,75.04
2022-06-01,760.0,780.5,757.75,761.1,1641729.0,37.86
2022-06-02,757.0,760.5,747.0,758.25,630109.0,26.39
2022-06-03,760.0,771.0,752.05,753.9,1747685.0,42.81
2022-06-06,756.75,770.0,745.3,763.65,1441390.0,46.71
2022-06-07,762.0,762.0,746.1,756.6,1346609.0,42.06
2022-06-08,754.35,764.85,739.1,757.15,2461233.0,33.56
2022-06-09,749.0,759.2,742.3,754.4,882672.0,39.19
2022-06-10,750.0,771.4,747.05,756.6,3230970.0,24.6
2022-06-13,752.0,754.15,726.0,735.95,1455794.0,38.9
2022-06-14,734.0,749.0,731.65,735.85,1209734.0,31.57
2022-06-15,739.0,746.45,732.5,737.75,842942.0,31.06
2022-06-16,748.75,748.75,719.05,724.95,1060953.0,36.39
2022-06-17,723.05,728.5,708.8,711.65,1329315.0,41.4
2022-06-20,718.45,722.75,705.0,716.85,1028878.0,33.17
2022-06-21,720.0,733.0,720.0,727.25,816577.0,26.82
2022-06-22,727.0,727.0,707.0,708.95,1190195.0,38.19
2022-06-23,710.0,719.7,706.75,718.45,714841.0,28.19
2022-06-24,722.0,735.0,720.1,729.0,1013159.0,35.39
2022-06-27,735.1,737.1,724.5,729.4,695465.0,27.17
2022-06-28,730.0,740.0,722.1,736.85,878300.0,37.09
2022-06-29,730.05,743.8,716.0,720.0,1741451.0,43.38
2022-06-30,722.0,722.0,703.1,706.35,2030048.0,37.69
2022-07-01,700.0,722.95,697.0,719.55,954981.0,24.6
2022-07-04,723.0,731.85,714.55,730.15,1281683.0,50.77
2022-07-05,732.0,739.25,726.1,729.05,1367769.0,46.27
2022-07-06,721.25,751.85,721.25,749.95,1351519.0,41.28
2022-07-07,753.0,759.6,750.0,754.85,2064199.0,57.62
2022-07-08,756.5,764.35,755.05,761.4,1456394.0,45.72
2022-07-11,761.55,770.0,758.4,765.9,1287117.0,44.93
2022-07-12,760.0,762.0,752.15,756.45,609080.0,37.44
2022-07-13,758.0,768.0,757.0,762.55,697646.0,32.11
2022-07-14,765.0,778.8,759.3,765.85,1697611.0,32.61
2022-07-15,766.25,792.65,766.25,790.55,3002946.0,26.7
2022-07-18,797.8,797.95,787.8,794.35,1335985.0,41.78
2022-07-19,790.9,793.35,784.2,787.25,1184051.0,48.28
2022-07-20,791.0,801.2,787.5,795.0,1173216.0,39.92
2022-07-21,795.0,820.65,793.35,818.3,2245980.0,48.43
2022-07-22,818.3,824.0,801.15,804.05,1746104.0,41.27
2022-07-25,804.05,813.8,801.25,807.95,940240.0,37.86
2022-07-26,805.9,809.7,788.25,790.85,1146412.0,52.86
2022-07-27,790.0,803.7,787.05,801.6,1056918.0,45.4
2022-07-28,804.0,809.9,798.6,806.6,1192580.0,42.45
2022-07-29,809.0,814.7,803.8,811.65,867439.0,44.98
2022-08-01,812.0,814.5,799.45,811.1,1269287.0,56.24
2022-08-02,813.0,826.0,806.25,811.6,2161684.0,37.55
2022-08-03,811.6,815.4,801.55,812.75,908414.0,49.4
2022-08-04,792.3,798.0,781.1,789.25,15358133.0,47.47
2022-08-05,785.05,793.4,782.1,784.8,2109882.0,49.52
2022-08-10,788.7,793.7,786.35,790.55,1185175.0,52.76
2022-08-11,794.55,798.55,771.6,773.45,3371339.0,45.67
2022-08-12,773.45,775.9,760.55,763.45,2257305.0,52.17
2022-08-15,773.45,775.9,760.55,763.45,2257305.0,52.17
2022-08-16,767.3,780.6,765.3,779.5,1804736.0,48.06
2022-08-17,780.5,796.55,780.5,793.5,3021532.0,64.4
2022-08-18,793.0,813.8,791.0,807.85,3191360.0,42.77
2022-08-19,807.15,809.5,784.1,786.95,1767351.0,50.16
2022-08-22,785.9,796.95,780.1,793.95,2166778.0,44.52
2022-08-23,791.9,811.65,787.0,809.35,1890327.0,45.44
2022-08-24,805.0,813.0,798.5,805.7,1355374.0,46.94
2022-08-25,808.0,811.9,797.5,801.85,1267482.0,47.91
2022-08-26,805.9,810.8,798.8,801.95,1254230.0,40.17
2022-08-29,790.0,816.7,783.85,806.15,2181301.0,44.74
2022-08-30,809.0,813.95,806.3,809.65,2692962.0,73.82
2022-08-31,809.0,813.95,806.3,809.65,2692962.0,73.82
2022-09-01,809.65,842.0,806.0,838.4,6228307.0,45.32
2022-09-02,845.0,847.0,830.7,833.7,1885440.0,35.93
2022-09-05,834.0,841.15,829.05,837.45,1553679.0,57.22
2022-09-06,841.65,845.8,816.0,818.25,2620566.0,52.52
2022-09-07,815.0,827.5,814.05,825.1,1321905.0,38.7
2022-09-08,829.25,831.6,815.0,819.1,1094898.0,51.46
2022-09-09,827.0,827.0,813.15,816.3,884012.0,42.86
2022-09-12,820.4,831.0,820.4,825.5,1300582.0,38.17
2022-09-13,829.95,852.0,829.7,849.0,3310733.0,46.94
2022-09-14,842.9,861.15,838.55,840.25,3818926.0,29.53
2022-09-15,844.5,848.0,830.2,837.4,1697675.0,52.35
2022-09-16,839.7,839.7,791.2,795.2,4786431.0,51.16
2022-09-19,799.2,802.2,787.35,793.0,1707558.0,52.37
2022-09-20,797.0,812.9,795.95,804.2,1547208.0,53.14
2022-09-21,804.2,811.0,798.1,804.2,1082534.0,39.1
2022-09-22,800.55,807.75,788.0,803.2,1255234.0,40.31
2022-09-23,803.0,806.3,779.5,781.55,1229421.0,45.8
2022-09-26,779.0,785.95,762.0,780.85,1431943.0,43.95
2022-09-27,784.8,801.4,781.05,797.85,1830866.0,42.93
2022-09-28,795.95,804.2,790.05,793.65,1415083.0,48.26
2022-09-29,797.65,803.7,790.3,792.6,1136839.0,50.43
2022-09-30,791.0,806.0,787.0,802.85,1436359.0,52.2
2022-10-03,802.85,804.8,776.0,777.95,1652675.0,56.59
2022-10-04,786.75,792.45,781.2,785.15,1238967.0,52.13
2022-10-05,786.75,792.45,781.2,785.15,1238967.0,52.13
2022-10-06,790.0,799.6,784.1,794.3,2067042.0,55.78
2022-10-07,787.9,793.9,779.05,780.9,1053907.0,55.0
2022-10-10,769.25,775.05,755.0,757.15,2334168.0,55.46
2022-10-11,758.0,759.85,740.25,742.6,1956824.0,47.86
2022-10-12,745.5,759.0,738.8,757.35,1372962.0,44.54
2022-10-13,754.95,760.2,749.15,757.4,1198492.0,59.01
2022-10-14,768.95,768.95,760.0,761.25,1278730.0,54.38
2022-10-17,761.25,771.95,757.3,763.15,940646.0,46.09
2022-10-18,767.0,776.0,763.55,774.35,1361691.0,52.33
2022-10-19,774.45,777.0,761.1,764.55,1115277.0,50.97
2022-10-20,761.55,772.0,755.5,770.7,955562.0,44.97
2022-10-21,773.0,780.85,755.05,761.65,1692279.0,30.92
2022-10-24,770.0,776.0,764.85,770.95,292558.0,49.01
2022-10-25,770.0,776.8,764.65,766.95,871995.0,36.73
2022-10-26,770.0,776.8,764.65,766.95,871995.0,36.73
2022-10-27,774.75,779.5,759.6,770.05,1692389.0,44.12
2022-10-28,773.45,773.45,759.5,761.35,1598314.0,67.62
2022-10-31,765.2,772.45,761.9,770.15,997865.0,58.9
2022-11-01,773.0,784.5,767.4,774.85,1893673.0,53.89
2022-11-02,776.0,778.2,764.7,768.05,1073726.0,62.7
2022-11-03,768.05,770.0,756.65,762.75,1573795.0,64.86
2022-11-04,761.0,767.0,759.2,764.3,940199.0,55.78
2022-11-07,768.15,776.45,764.3,772.15,1004208.0,47.85
2022-11-08,768.15,776.45,764.3,772.15,1004208.0,47.85
2022-11-09,778.5,781.8,765.85,770.15,1256533.0,50.29
2022-11-10,770.0,771.7,762.05,768.7,839329.0,54.17
2022-11-11,772.55,779.85,770.05,773.2,921004.0,51.5
2022-11-14,773.35,775.0,766.5,767.75,708750.0,57.1
2022-11-15,767.75,774.0,763.5,772.75,756436.0,55.38
2022-11-16,772.75,774.2,764.8,769.55,1071710.0,57.39
2022-11-17,766.0,789.45,766.0,786.0,2944879.0,29.62
2022-11-18,789.35,793.0,769.25,775.7,1417103.0,20.23
2022-11-21,774.3,775.45,762.3,770.95,760664.0,33.22
2022-11-22,771.0,776.9,766.2,771.3,868523.0,49.53
2022-11-23,773.1,776.0,765.0,770.15,875779.0,54.28
2022-11-24,787.85,795.0,781.25,792.75,6211909.0,21.73
2022-11-25,798.75,799.5,780.0,789.15,2385612.0,39.2
2022-11-28,789.0,808.9,785.0,804.3,2043706.0,47.2
2022-11-29,804.95,811.9,803.05,805.05,1278339.0,35.4
2022-11-30,805.05,821.95,804.25,818.05,3390682.0,60.11
2022-12-01,821.9,821.9,810.15,813.2,966282.0,43.62
2022-12-02,810.0,812.5,792.2,795.55,2882169.0,64.47
2022-12-05,795.55,803.0,788.6,800.5,1540201.0,49.17
2022-12-06,800.0,800.0,793.55,797.65,826214.0,42.36
2022-12-07,799.9,806.5,797.05,799.35,2020441.0,53.81
2022-12-08,800.55,807.95,796.5,804.2,805216.0,48.12
2022-12-09,804.2,809.9,801.0,803.3,1080966.0,45.1
2022-12-12,803.0,813.0,799.2,810.05,948219.0,59.98
2022-12-13,812.0,814.45,804.7,807.6,1224742.0,64.17
2022-12-14,808.4,817.0,807.35,815.45,971275.0,61.9
2022-12-15,815.4,815.45,802.05,804.9,783051.0,57.29
2022-12-16,803.3,804.95,795.0,801.55,849333.0,50.51
2022-12-19,801.15,810.0,798.45,808.85,1120217.0,54.49
2022-12-20,808.5,809.95,800.1,808.3,677159.0,56.88
2022-12-21,809.0,811.9,801.0,802.6,811513.0,48.84
2022-12-22,802.75,809.0,787.0,798.65,1017965.0,47.49
2022-12-23,793.05,797.9,775.8,779.0,1216647.0,49.37
2022-12-26,779.0,783.7,773.0,775.3,1014226.0,52.84
2022-12-27,778.8,781.0,770.6,777.85,601101.0,32.16
2022-12-28,778.0,782.9,773.15,780.15,610240.0,49.73
2022-12-29,779.0,779.0,763.1,776.1,1691955.0,49.88
2022-12-30,778.0,782.3,765.0,766.95,715796.0,43.33
2023-01-02,769.9,771.0,758.1,762.3,1061086.0,49.34
2023-01-03,765.0,767.9,759.1,767.15,785495.0,56.23
2023-01-04,767.5,767.5,759.4,762.25,1004383.0,62.11
2023-01-05,762.0,781.0,760.1,763.85,3198519.0,50.46
2023-01-06,763.8,770.85,759.05,761.35,603050.0,40.67
2023-01-09,765.2,768.8,761.1,766.95,729173.0,52.5
2023-01-10,766.95,772.8,764.55,769.25,873061.0,47.96
2023-01-11,772.0,772.75,755.5,759.3,688374.0,52.01
2023-01-12,760.0,763.85,752.0,754.25,763021.0,55.41
2023-01-13,755.1,757.6,750.0,752.9,1067599.0,66.95
2023-01-16,752.1,755.0,745.1,747.25,838829.0,59.56
2023-01-17,744.0,752.8,741.6,750.05,1427736.0,67.33
2023-01-18,750.0,752.7,746.55,750.5,747592.0,66.98
2023-01-19,750.2,752.75,737.6,738.5,1140422.0,65.67
2023-01-20,738.0,742.9,736.0,738.45,878832.0,56.09
2023-01-23,739.15,743.9,734.0,742.45,682160.0,47.7
2023-01-24,743.85,749.5,740.0,740.9,653737.0,55.14
2023-01-25,740.35,742.5,731.2,740.05,868627.0,56.86
2023-01-26,740.35,742.5,731.2,740.05,868627.0,56.86
2023-01-27,740.05,745.9,725.7,735.25,772860.0,44.76
2023-01-30,736.0,740.35,727.55,735.65,1295677.0,66.78
2023-01-31,736.0,739.4,725.05,729.5,2189899.0,73.28
2023-02-01,737.25,748.4,731.25,740.8,933031.0,38.51
2023-02-02,738.8,742.75,732.8,737.15,704702.0,44.4
2023-02-03,737.15,741.0,720.45,726.6,1752697.0,51.45
2023-02-06,728.4,732.5,721.0,729.75,852170.0,42.57
2023-02-07,731.8,734.95,722.0,728.2,1244247.0,34.06
2023-02-08,731.85,731.85,721.1,724.4,1521104.0,60.78
2023-02-09,724.5,726.35,720.8,721.95,688243.0,56.02
2023-02-10,722.0,728.0,719.15,726.6,651630.0,46.54
2023-02-13,726.6,729.5,716.0,717.8,599763.0,47.86
2023-02-14,718.0,723.75,715.0,721.0,563171.0,48.66
2023-02-15,721.05,729.8,717.2,728.1,727403.0,55.93
2023-02-16,732.2,735.5,728.1,732.6,837121.0,54.81
2023-02-17,731.2,734.8,724.15,726.25,624402.0,56.56
2023-02-20,726.95,729.45,718.6,721.8,1316763.0,69.94
2023-02-21,725.45,730.0,722.05,726.2,673449.0,45.54
2023-02-22,726.0,734.0,719.85,721.45,1690647.0,46.77
2023-02-23,722.95,724.95,715.0,716.1,1165270.0,59.36
2023-02-24,717.0,721.35,713.6,716.15,1040351.0,56.79
2023-02-27,720.0,720.5,700.0,710.3,1064436.0,45.3
2023-02-28,712.0,717.75,705.55,715.3,2395442.0,76.86
2023-03-01,712.95,716.9,709.55,715.25,991540.0,61.48
2023-03-02,716.85,718.35,705.85,707.35,969963.0,59.45
2023-03-03,709.0,713.25,706.2,709.85,873264.0,50.91
2023-03-06,713.0,718.75,709.95,713.6,739338.0,61.04
2023-03-07,713.0,718.75,709.95,713.6,739338.0,61.04
2023-03-08,713.0,723.2,710.8,720.5,1026628.0,46.81
2023-03-09,722.85,722.85,708.1,709.25,905544.0,58.94
2023-03-10,707.0,710.2,701.35,704.4,970983.0,61.19
2023-03-13,705.0,707.3,691.75,694.15,1158330.0,59.79
2023-03-14,696.0,700.0,689.45,693.3,1501579.0,65.02
2023-03-15,696.0,699.95,686.6,687.55,1119482.0,64.27
2023-03-16,689.0,696.45,689.0,694.0,974834.0,51.55
2023-03-17,698.0,708.65,694.4,706.2,2111478.0,67.8
2023-03-20,691.0,706.75,691.0,702.6,1018438.0,45.5
2023-03-21,704.1,706.0,700.0,700.9,721243.0,55.05
2023-03-22,701.0,716.2,701.0,710.9,776214.0,27.33
2023-03-23,711.55,713.95,705.8,707.15,587643.0,54.65
2023-03-24,707.0,709.7,698.85,702.35,960470.0,48.53
2023-03-27,706.9,707.4,697.2,699.35,3695292.0,82.27
2023-03-28,690.0,699.65,690.0,696.05,1113702.0,61.26
2023-03-29,696.05,703.0,694.8,697.55,1160832.0,63.57
2023-03-30,696.05,703.0,694.8,697.55,1160832.0,63.57
2023-03-31,700.15,711.0,698.55,708.85,972962.0,64.29
2023-04-03,710.0,718.5,709.3,717.05,797533.0,46.63
2023-04-04,710.0,718.5,709.3,717.05,797533.0,46.63
2023-04-05,717.0,728.4,715.0,727.4,947741.0,40.02
2023-04-06,727.3,731.45,722.5,730.5,738748.0,54.87
2023-04-07,727.3,731.45,722.5,730.5,738748.0,54.87
2023-04-10,727.0,730.65,720.0,720.65,916628.0,58.63
2023-04-11,725.95,725.95,715.7,717.3,776167.0,61.85
2023-04-12,720.9,723.6,716.35,718.4,702063.0,48.62
2023-04-13,722.0,723.7,717.65,719.6,502380.0,46.24
2023-04-14,722.0,723.7,717.65,719.6,502380.0,46.24
2023-04-17,717.0,719.25,711.5,713.2,1180651.0,61.16
2023-04-18,716.2,719.9,706.7,707.05,1323608.0,73.81
2023-04-19,708.0,708.9,698.25,700.85,1235220.0,56.78
2023-04-20,699.0,704.4,696.45,703.4,1263116.0,66.89
2023-04-21,703.4,705.0,697.0,700.4,966029.0,62.57
2023-04-24,706.0,735.0,706.0,732.55,6009290.0,39.63
2023-04-25,736.0,738.0,728.35,734.45,1783879.0,38.07
2023-04-26,733.95,749.0,724.0,746.7,3725680.0,37.67
2023-04-27,743.0,755.25,742.15,754.0,1664942.0,45.19
2023-04-28,758.0,765.0,751.5,763.85,1261145.0,64.65
2023-05-01,758.0,765.0,751.5,763.85,1261145.0,64.65
2023-05-02,767.95,783.05,764.95,779.6,1438425.0,54.75
2023-05-03,777.9,786.85,774.7,781.4,1189150.0,41.96
2023-05-04,773.0,782.65,768.9,775.5,1001352.0,46.92
2023-05-05,777.9,782.2,775.0,776.25,617459.0,50.77
2023-05-08,776.8,789.8,776.4,788.9,1048005.0,60.17
2023-05-09,789.65,792.2,785.0,789.0,652399.0,53.94
2023-05-10,789.0,792.0,784.8,791.15,476497.0,57.77
2023-05-11,791.15,791.5,786.0,789.45,968940.0,70.13
2023-05-12,788.0,795.25,784.8,789.05,747655.0,61.14
2023-05-15,789.0,791.4,784.2,786.95,803643.0,39.95
2023-05-16,787.5,789.7,784.8,786.25,658173.0,57.07
2023-05-17,786.25,786.6,772.85,778.25,907649.0,54.58
2023-05-18,783.4,786.0,775.0,776.3,1004449.0,57.66
2023-05-19,771.9,771.9,756.45,765.45,1233831.0,54.57
2023-05-22,765.45,768.0,760.2,766.1,548104.0,46.1
2023-05-23,766.05,771.55,762.05,770.05,826476.0,52.11
2023-05-24,767.4,774.6,765.55,771.15,861728.0,39.54
2023-05-25,765.05,782.45,765.05,780.3,980266.0,35.99
2023-05-26,784.0,791.0,781.15,789.7,961268.0,49.47
2023-05-29,791.0,797.0,790.25,794.25,1171159.0,44.38
2023-05-30,792.55,797.0,788.25,790.9,601270.0,50.9
2023-05-31,787.05,800.0,787.05,798.65,2201928.0,77.64
2023-06-01,798.9,801.45,789.35,793.65,703293.0,59.12
2023-06-02,795.5,799.85,793.0,796.05,697200.0,59.69
2023-06-05,796.95,800.45,790.6,792.45,774985.0,53.08
2023-06-06,792.95,795.95,784.45,792.1,744002.0,59.78
2023-06-07,794.0,824.0,791.5,823.1,3971089.0,46.38
2023-06-08,824.8,824.8,805.2,807.1,1117198.0,52.43
2023-06-09,810.7,811.85,799.0,801.0,835145.0,62.47
2023-06-12,802.95,807.85,799.35,800.75,3168760.0,88.52
2023-06-13,802.35,821.1,802.35,819.9,2697513.0,65.33
2023-06-14,822.8,865.0,816.0,862.5,7652583.0,28.48
2023-06-15,864.0,872.4,856.0,865.0,3106263.0,31.7
2023-06-16,868.0,870.45,852.05,862.75,1754715.0,43.26
2023-06-19,866.45,870.0,854.85,857.0,1308412.0,47.71
2023-06-20,857.0,867.0,847.3,858.9,1178858.0,48.82
2023-06-21,859.0,877.2,853.05,860.15,1439299.0,33.78
2023-06-22,862.0,862.0,840.6,841.9,988651.0,38.73
2023-06-23,842.0,846.2,831.65,840.85,806171.0,33.47
2023-06-26,854.0,866.0,847.85,862.55,3022935.0,21.01
2023-06-27,863.95,868.1,852.6,854.2,1131450.0,41.42
2023-06-28,854.5,860.0,851.0,854.95,914411.0,49.25
2023-06-29,854.5,860.0,851.0,854.95,914411.0,49.25
2023-06-30,850.05,863.55,850.05,860.9,1394632.0,56.5
2023-07-03,866.95,866.95,856.45,858.85,1226135.0,60.03
2023-07-04,858.65,861.7,852.2,855.55,759030.0,62.82
2023-07-05,859.0,861.25,841.15,845.9,2537154.0,64.83
2023-07-06,845.9,847.55,841.4,845.05,2363769.0,70.5
2023-07-07,845.05,852.5,831.8,833.25,1811594.0,46.75
2023-07-10,841.5,841.5,822.0,825.65,1177214.0,59.51
2023-07-11,826.0,843.0,825.75,840.3,2167322.0,68.47
2023-07-12,844.95,847.8,838.8,843.25,1435731.0,65.32
2023-07-13,847.0,849.0,835.2,837.35,985928.0,50.51
2023-07-14,838.95,852.75,833.6,851.5,1705168.0,59.31
2023-07-17,855.1,860.7,849.35,852.6,1200820.0,52.79
2023-07-18,854.2,863.0,848.45,858.7,1412514.0,63.57
2023-07-19,864.95,864.95,854.4,860.45,952601.0,56.3
2023-07-20,860.0,875.0,854.55,873.1,1381298.0,49.21
2023-07-21,873.7,876.4,849.6,852.35,1230534.0,46.9
2023-07-24,854.0,867.0,848.9,863.1,1149904.0,48.29
2023-07-25,863.1,869.5,856.0,868.55,873678.0,52.46
2023-07-26,873.95,883.95,869.55,873.9,1940116.0,35.88
2023-07-27,875.95,880.0,847.7,850.05,3203072.0,53.02
2023-07-28,854.25,860.4,842.0,859.35,2365708.0,63.13
2023-07-31,859.35,860.85,852.5,859.3,1454789.0,68.75
2023-08-01,861.9,863.3,853.1,856.75,987812.0,62.05
2023-08-02,855.0,855.0,838.2,843.05,1604731.0,60.48
2023-08-03,840.0,841.65,832.55,835.4,1375222.0,57.13
2023-08-04,837.05,841.6,832.3,834.8,887582.0,65.1
2023-08-07,836.95,840.65,829.5,837.8,1106208.0,70.56
2023-08-08,839.0,853.1,833.75,847.45,1252297.0,57.8
2023-08-09,851.0,862.45,847.65,860.2,1704615.0,65.85
2023-08-10,861.15,863.2,848.0,850.55,941390.0,49.96
2023-08-11,849.7,853.85,835.0,836.9,909080.0,59.69
2023-08-14,838.85,845.9,829.65,844.7,754694.0,56.35
2023-08-15,838.85,845.9,829.65,844.7,754694.0,56.35
2023-08-16,840.9,843.45,836.8,840.7,360863.0,41.03
2023-08-17,835.0,845.95,835.0,844.25,1105325.0,69.05
2023-08-18,845.0,848.95,835.5,842.55,1145798.0,59.1
2023-08-21,846.0,849.4,840.8,848.5,680778.0,62.29
2023-08-22,847.0,851.55,844.0,848.8,782931.0,58.54
2023-08-23,848.0,848.0,840.35,844.55,516482.0,57.05
2023-08-24,845.0,854.8,842.1,844.2,1482572.0,68.71
2023-08-25,840.0,846.15,830.15,832.55,1149261.0,71.69
2023-08-28,832.5,842.95,828.25,841.8,649996.0,48.06
2023-08-29,841.0,843.95,836.0,838.25,606053.0,48.62
2023-08-30,841.0,849.3,838.7,848.35,604884.0,44.41
2023-08-31,848.35,851.45,829.05,834.35,2025392.0,64.99
2023-09-01,833.0,847.4,833.0,844.15,661741.0,42.9
2023-09-04,844.0,849.0,837.0,846.05,705024.0,51.13
2023-09-05,847.0,852.4,843.05,846.3,745626.0,51.7
2023-09-06,845.8,883.0,845.5,878.9,3618782.0,38.53
2023-09-07,865.7,866.95,854.0,858.7,3458930.0,35.32
2023-09-08,864.0,864.85,851.75,853.1,901217.0,48.86
2023-09-11,855.5,864.95,854.75,862.6,1039583.0,57.93
2023-09-12,867.0,874.0,856.0,864.75,1795152.0,46.52
2023-09-13,862.0,891.25,860.15,889.3,2812359.0,47.11
2023-09-14,895.0,897.7,881.0,884.55,2205160.0,48.43
2023-09-15,887.55,889.75,873.5,875.9,1104866.0,50.1
2023-09-18,883.0,885.95,875.9,880.95,1084407.0,51.45
2023-09-19,883.0,885.95,875.9,880.95,1084407.0,51.45
2023-09-20,880.8,880.9,865.0,869.7,924868.0,46.36
2023-09-21,869.0,874.0,861.2,871.0,1165593.0,37.15
2023-09-22,871.0,889.85,870.05,877.75,1518828.0,43.21
2023-09-25,881.95,905.6,870.55,900.6,2700627.0,48.53
2023-09-26,907.6,909.9,891.5,895.2,2064298.0,50.5
2023-09-27,899.0,904.0,886.9,888.85,1233749.0,41.44
2023-09-28,894.8,896.0,870.1,876.5,1801983.0,43.9
2023-09-29,885.9,885.9,873.7,876.9,817204.0,48.67
2023-10-02,885.9,885.9,873.7,876.9,817204.0,48.67
2023-10-03,870.0,879.55,864.1,871.9,1183376.0,51.53
2023-10-04,867.0,869.85,855.0,864.75,623081.0,48.69
2023-10-05,866.05,869.25,857.5,860.2,749977.0,44.23
2023-10-06,861.0,877.5,861.0,874.75,960117.0,32.16
2023-10-09,868.0,883.85,866.8,880.65,1200788.0,47.8
2023-10-10,885.0,892.4,881.75,888.75,870512.0,45.11
2023-10-11,895.0,897.2,886.2,888.4,1062565.0,53.92
2023-10-12,888.9,894.15,883.2,892.35,775364.0,43.52
2023-10-13,890.25,918.0,888.85,913.35,5120134.0,39.0
2023-10-16,917.8,917.8,906.05,908.6,1524935.0,56.51
2023-10-17,912.05,928.0,905.15,907.85,3228492.0,51.6
2023-10-18,912.45,915.0,892.1,895.7,1218914.0,45.79
2023-10-19,896.0,900.4,879.05,895.4,1430475.0,37.87
2023-10-20,891.95,901.8,888.65,898.95,2295312.0,74.8
2023-10-23,898.75,906.05,880.25,883.1,973113.0,48.99
2023-10-24,898.75,906.05,880.25,883.1,973113.0,48.99
2023-10-25,883.3,894.45,882.35,890.0,1531972.0,57.06
2023-10-26,883.25,886.95,872.0,880.35,1966650.0,51.77
2023-10-27,880.0,894.5,876.0,891.1,797507.0,56.96
2023-10-30,886.0,896.0,880.2,893.55,1147541.0,58.72
2023-10-31,899.5,903.4,892.0,900.5,1082510.0,57.07
2023-11-01,906.0,920.0,895.7,903.15,2678745.0,45.41
2023-11-02,910.15,917.7,903.55,911.25,1082513.0,36.25
2023-11-03,912.0,919.3,911.25,913.7,901911.0,57.75
2023-11-06,916.75,923.7,916.0,918.65,742374.0,58.91
2023-11-07,920.0,923.7,913.0,922.05,819721.0,65.85
2023-11-08,922.5,929.45,914.15,916.3,1090425.0,70.48
2023-11-09,916.3,918.95,898.35,902.85,3194352.0,69.08
2023-11-10,902.85,916.85,896.5,912.7,3846444.0,70.63
2023-11-13,914.0,920.45,907.1,916.55,904887.0,53.48
2023-11-14,914.0,920.45,907.1,916.55,904887.0,53.48
2023-11-15,921.4,932.0,916.35,929.6,1564164.0,64.51
2023-11-16,933.0,933.0,918.0,920.05,1315309.0,47.79
2023-11-17,922.0,934.0,921.0,930.85,961365.0,61.15
2023-11-20,935.5,940.85,928.2,930.85,1169030.0,44.76
2023-11-21,906.0,931.5,906.0,927.7,804344.0,50.29
2023-11-22,931.45,939.8,922.25,928.25,885449.0,40.21
2023-11-23,929.15,937.7,927.0,933.0,907511.0,61.06
2023-11-24,934.7,936.85,924.0,926.9,521207.0,56.62
2023-11-27,934.7,936.85,924.0,926.9,521207.0,56.62
2023-11-28,925.0,934.95,924.75,931.85,904835.0,64.31
2023-11-29,934.95,937.9,930.0,933.55,1047897.0,72.3
2023-11-30,932.0,948.2,932.0,940.75,2982505.0,53.34
2023-12-01,945.9,952.9,939.75,942.85,1129388.0,58.32
2023-12-04,954.0,956.5,941.95,946.65,1112904.0,48.88
2023-12-05,946.7,954.15,944.15,950.05,792716.0,56.25
2023-12-06,954.0,963.0,948.9,951.7,982484.0,43.39
2023-12-07,952.0,959.55,950.05,956.9,933106.0,63.66
2023-12-08,960.0,961.85,943.8,946.6,649090.0,64.4
2023-12-11,949.9,953.0,944.05,950.45,476174.0,50.04
2023-12-12,953.05,961.95,943.6,948.75,732063.0,45.73
2023-12-13,948.0,959.7,946.5,957.3,899820.0,73.11
2023-12-14,960.8,960.8,944.1,950.45,1980762.0,67.19
2023-12-15,959.95,959.95,948.9,954.7,1155502.0,67.13
2023-12-18,956.0,958.2,945.3,949.7,999922.0,58.99
2023-12-19,953.0,978.0,949.15,966.15,3897491.0,30.25
2023-12-20,975.0,1010.0,966.15,976.3,4465789.0,29.79
2023-12-21,976.0,983.9,963.05,979.3,1588905.0,45.54
2023-12-22,986.0,998.3,979.65,992.8,1491449.0,59.33
2023-12-25,986.0,998.3,979.65,992.8,1491449.0,59.33
2023-12-26,993.0,1017.0,992.8,1007.35,1804990.0,39.73
2023-12-27,1014.95,1029.0,1010.1,1026.75,1799498.0,60.36
2023-12-28,1030.75,1050.0,1025.3,1041.0,2052402.0,66.66
2023-12-29,1053.95,1094.0,1047.7,1086.8,5017576.0,33.06
2024-01-01,1093.85,1093.85,1076.0,1080.1,936544.0,33.29
2024-01-02,1086.35,1103.05,1079.5,1097.75,2635193.0,52.89
2024-01-03,1097.95,1099.1,1082.7,1084.95,1100701.0,49.62
2024-01-04,1088.1,1128.6,1086.15,1125.55,2777186.0,44.69
2024-01-05,1125.0,1131.15,1117.05,1122.95,1207155.0,48.33
2024-01-08,1125.05,1129.0,1094.65,1104.95,1722755.0,54.44
2024-01-09,1106.0,1120.15,1106.0,1111.65,998355.0,59.28
2024-01-10,1112.0,1117.7,1101.0,1113.95,933127.0,57.32
2024-01-11,1117.0,1124.95,1112.05,1119.25,1084035.0,62.04
2024-01-12,1125.45,1165.55,1123.85,1159.0,6018282.0,61.43
2024-01-15,1190.0,1190.95,1134.75,1150.8,4237485.0,48.99
2024-01-16,1152.55,1162.55,1142.0,1143.7,1449691.0,49.44
2024-01-17,1134.0,1152.95,1131.9,1138.6,1272932.0,58.86
2024-01-18,1134.95,1150.0,1122.5,1146.8,1218211.0,43.42
2024-01-19,1156.75,1165.6,1146.7,1161.7,900162.0,45.08
2024-01-22,1168.0,1169.0,1148.1,1150.1,332777.0,39.58
2024-01-23,1158.95,1166.0,1138.25,1145.65,933643.0,41.85
2024-01-24,1145.6,1161.0,1134.0,1159.0,1040096.0,55.97
2024-01-25,1160.0,1163.65,1132.35,1136.75,1125321.0,57.24
2024-01-26,1160.0,1163.65,1132.35,1136.75,1125321.0,57.24
2024-01-29,1136.75,1149.2,1135.0,1141.05,1588430.0,69.14
2024-01-30,1144.95,1147.2,1120.65,1122.9,798009.0,61.08
2024-01-31,1125.0,1127.5,1112.0,1118.0,2428738.0,71.74
2024-02-01,1118.0,1134.9,1108.0,1129.65,4728358.0,66.21
2024-02-02,1132.0,1170.7,1132.0,1162.75,1741322.0,54.99
2024-02-05,1169.9,1177.0,1146.3,1150.75,1266268.0,37.73
2024-02-06,1142.1,1166.8,1142.1,1163.55,1219085.0,60.5
2024-02-07,1168.05,1175.0,1153.05,1166.2,864874.0,46.52
2024-02-08,1160.0,1162.9,1125.0,1137.9,2477973.0,33.37
2024-02-09,1142.0,1149.4,1119.85,1129.25,917196.0,39.35
2024-02-12,1130.05,1134.4,1075.0,1122.2,898953.0,47.21
2024-02-13,1123.0,1141.3,1118.2,1137.8,886148.0,50.38
2024-02-14,1135.05,1139.85,1120.0,1135.6,1206706.0,65.33
2024-02-15,1140.05,1146.75,1127.25,1131.4,1278358.0,55.31
2024-02-16,1135.0,1149.4,1132.4,1147.45,1213292.0,66.85
2024-02-19,1150.0,1164.25,1144.5,1155.0,961914.0,44.0
2024-02-20,1154.5,1159.0,1138.8,1154.4,1056193.0,66.18
2024-02-21,1155.0,1171.9,1150.05,1160.75,1445959.0,50.45
2024-02-22,1161.0,1164.75,1142.45,1159.5,1689403.0,43.35
2024-02-23,1158.0,1165.6,1155.2,1160.3,1280859.0,70.14
2024-02-26,1159.0,1182.8,1149.45,1177.1,1292210.0,53.54
2024-02-27,1182.0,1189.7,1174.95,1183.6,1584564.0,55.84
2024-02-28,1189.75,1205.0,1163.1,1167.95,2170054.0,34.68
2024-02-29,1166.95,1199.0,1150.6,1190.05,2722341.0,56.94
2024-03-01,1204.0,1213.65,1194.25,1201.0,1804771.0,60.62
2024-03-04,1206.95,1214.0,1190.0,1203.25,790960.0,52.34
2024-03-05,1206.85,1211.9,1196.0,1200.6,867925.0,56.2
2024-03-06,1203.8,1223.0,1192.0,1220.05,1367260.0,49.14
2024-03-07,1228.0,1268.9,1216.75,1261.55,3522952.0,41.92
2024-03-08,1228.0,1268.9,1216.75,1261.55,3522952.0,41.92
2024-03-11,1263.0,1269.0,1209.0,1220.65,2609165.0,44.15
2024-03-12,1227.45,1227.85,1209.15,1215.2,1089396.0,50.63
2024-03-13,1215.5,1217.4,1170.7,1178.95,2050756.0,60.8
2024-03-14,1160.05,1205.05,1160.05,1198.35,2211062.0,58.82
2024-03-15,1200.0,1219.85,1175.9,1212.15,2843465.0,70.98
2024-03-18,1213.05,1217.65,1184.3,1186.95,803158.0,50.28
2024-03-19,1184.9,1184.9,1139.85,1146.25,2152306.0,57.63
2024-03-20,1143.1,1153.4,1111.7,1124.05,2070193.0,57.64
2024-03-21,1134.0,1138.95,1121.5,1133.95,1901034.0,64.46
2024-03-22,1133.95,1140.0,1119.0,1122.75,1696377.0,72.25
2024-03-25,1133.95,1140.0,1119.0,1122.75,1696377.0,72.25
2024-03-26,1105.35,1121.1,1105.35,1112.55,2407110.0,75.82
2024-03-27,1115.35,1117.0,1084.1,1091.05,1962948.0,68.06
2024-03-28,1103.9,1109.0,1093.65,1096.2,6721940.0,77.87
2024-03-29,1103.9,1109.0,1093.65,1096.2,6721940.0,77.87
2024-04-01,1100.0,1104.4,1083.1,1086.9,2229535.0,75.7
2024-04-02,1091.8,1133.4,1085.1,1131.15,5107047.0,62.47
2024-04-03,1129.0,1129.0,1112.8,1119.5,1133287.0,41.02
2024-04-04,1132.8,1132.9,1108.55,1117.95,2403608.0,39.43
2024-04-05,1116.0,1124.9,1111.0,1115.55,627856.0,47.17
2024-04-08,1120.0,1140.45,1117.0,1137.35,1833218.0,54.26
2024-04-09,1141.0,1141.0,1121.5,1125.6,1184800.0,64.41
2024-04-10,1130.0,1151.5,1118.7,1145.3,1374918.0,49.81
2024-04-11,1130.0,1151.5,1118.7,1145.3,1374918.0,49.81
2024-04-12,1144.35,1156.65,1134.45,1149.45,2006949.0,51.89
2024-04-15,1125.0,1136.7,1111.0,1130.65,1990224.0,56.57
2024-04-16,1117.0,1138.9,1113.95,1135.65,1051408.0,53.86
2024-04-17,1117.0,1138.9,1113.95,1135.65,1051408.0,53.86
2024-04-18,1143.0,1159.0,1127.55,1134.55,2573549.0,51.31
2024-04-19,1104.5,1150.6,1104.05,1138.1,2160942.0,52.9
2024-04-22,1140.95,1177.8,1140.95,1170.95,2299311.0,44.2
2024-04-23,1173.0,1179.9,1152.0,1173.35,1930671.0,44.98
2024-04-24,1106.0,1137.7,1104.0,1110.15,6447489.0,41.22
2024-04-25,1116.0,1116.0,1077.4,1106.25,6233672.0,43.02
2024-04-26,1111.8,1111.8,1084.05,1102.65,3426210.0,57.69
2024-04-29,1108.9,1110.4,1088.9,1098.5,2254895.0,61.61
2024-04-30,1099.9,1114.25,1095.65,1108.35,2504796.0,64.5
2024-05-01,1099.9,1114.25,1095.65,1108.35,2504796.0,64.5
2024-05-02,1114.0,1114.0,1081.1,1091.15,3423995.0,46.62
2024-05-03,1095.0,1114.9,1089.8,1094.3,2935813.0,60.91
2024-05-06,1105.0,1109.65,1090.05,1098.15,1076304.0,49.07
2024-05-07,1095.05,1121.55,1090.1,1099.4,2614541.0,44.9
2024-05-08,1102.4,1117.85,1095.15,1115.05,1071294.0,48.4
2024-05-09,1114.0,1114.7,1078.0,1085.05,1743688.0,49.47
2024-05-10,1087.95,1093.95,1067.65,1090.95,1080599.0,47.28
2024-05-13,1086.1,1101.0,1076.05,1096.95,933422.0,46.11
2024-05-14,1096.0,1098.4,1082.2,1085.45,1194960.0,60.67
2024-05-15,1086.0,1090.85,1056.0,1068.9,1920081.0,60.12
2024-05-16,1071.0,1102.55,1057.85,1099.75,2665288.0,45.34
2024-05-17,1093.0,1101.2,1089.15,1095.2,1069069.0,61.52
2024-05-20,1095.0,1098.25,1090.25,1095.2,70507.0,45.14
2024-05-21,1089.0,1097.6,1088.95,1093.95,906092.0,61.59
2024-05-22,1100.0,1122.0,1093.95,1120.35,2032291.0,55.16
2024-05-23,1127.45,1131.2,1104.0,1117.95,2087340.0,37.46
2024-05-24,1111.0,1111.0,1096.0,1098.25,1424791.0,59.0
2024-05-27,1099.0,1110.0,1086.65,1087.9,1881215.0,74.66
2024-05-28,1089.0,1097.95,1080.0,1095.55,981637.0,53.97
2024-05-29,1085.0,1090.0,1068.0,1071.3,1526469.0,63.96
2024-05-30,1071.0,1074.45,1052.0,1067.2,2743237.0,62.99
2024-05-31,1069.7,1070.8,1048.3,1060.25,4787041.0,68.75
2024-06-03,1076.4,1082.9,1063.35,1069.15,1323788.0,55.11
2024-06-04,1069.15,1092.6,1028.9,1087.0,3223165.0,52.49
2024-06-05,1109.0,1160.0,1093.15,1142.4,6089603.0,56.7
2024-06-06,1148.0,1148.0,1119.6,1139.9,2655137.0,45.39
2024-06-07,1149.0,1149.0,1131.6,1135.65,1877248.0,59.31
2024-06-10,1139.0,1143.45,1125.65,1133.05,1392359.0,59.23
2024-06-11,1133.05,1144.8,1126.7,1135.6,805013.0,51.97
2024-06-12,1142.0,1142.0,1123.5,1124.65,773116.0,46.83
2024-06-13,1130.0,1133.0,1104.05,1114.6,1605436.0,40.6
2024-06-14,1114.6,1124.95,1110.1,1112.45,1107470.0,47.2
2024-06-17,1114.6,1124.95,1110.1,1112.45,1107470.0,47.2
2024-06-18,1112.45,1128.3,1112.45,1126.9,1161864.0,68.92
2024-06-19,1129.7,1130.9,1103.0,1105.6,1201455.0,57.97
2024-06-20,1108.05,1108.35,1096.1,1103.25,1223872.0,43.79
2024-06-21,1103.3,1105.0,1081.8,1084.9,1634958.0,63.54
2024-06-24,1080.15,1104.0,1077.15,1101.95,912255.0,53.16
2024-06-25,1108.15,1108.2,1090.0,1094.6,932314.0,56.98
2024-06-26,1095.05,1099.8,1083.1,1086.9,1003738.0,64.73
2024-06-27,1090.1,1096.45,1077.85,1085.6,2272855.0,51.32
2024-06-28,1085.6,1104.0,1085.0,1097.45,1129490.0,58.39
2024-07-01,1090.1,1097.45,1088.0,1094.55,767705.0,61.13
2024-07-02,1096.0,1110.0,1080.0,1105.0,2026189.0,68.47
2024-07-03,1114.0,1148.6,1112.05,1146.35,4406793.0,45.14
2024-07-04,1147.55,1154.8,1133.3,1135.2,2113837.0,64.91
2024-07-05,1135.4,1150.95,1132.7,1137.4,1281630.0,64.38
2024-07-08,1138.0,1164.0,1136.0,1150.8,1958676.0,42.67
2024-07-09,1161.4,1168.5,1140.0,1142.2,1545936.0,54.58
2024-07-10,1142.2,1156.75,1130.0,1150.8,1015150.0,47.64
2024-07-11,1150.55,1153.4,1125.5,1131.4,1883264.0,67.35
2024-07-12,1135.0,1154.0,1130.05,1152.25,1092749.0,59.53
2024-07-15,1152.5,1157.0,1139.8,1148.8,1201063.0,63.93
2024-07-16,1148.8,1179.0,1142.75,1176.25,2152821.0,46.98
2024-07-17,1148.8,1179.0,1142.75,1176.25,2152821.0,46.98
2024-07-18,1175.0,1194.6,1170.0,1193.4,2559563.0,51.38
2024-07-19,1200.0,1200.1,1183.0,1188.0,1385064.0,55.06
2024-07-22,1185.0,1210.9,1182.25,1204.8,1698551.0,47.61
2024-07-23,1215.0,1262.6,1200.25,1256.9,5140297.0,46.15
2024-07-24,1257.0,1257.7,1217.4,1231.25,3325998.0,55.86
2024-07-25,1232.0,1235.0,1208.85,1223.6,2498031.0,60.45
2024-07-26,1216.05,1218.95,1205.4,1213.65,802492.0,40.92
2024-07-29,1215.0,1222.0,1185.0,1201.4,1944124.0,56.73
2024-07-30,1206.0,1211.4,1189.2,1194.9,1331004.0,49.34
2024-07-31,1193.0,1193.0,1167.0,1188.95,2994289.0,50.85
2024-08-01,1188.95,1216.0,1188.0,1208.35,1675363.0,45.76
2024-08-02,1200.0,1220.0,1190.0,1193.65,1262150.0,32.05
2024-08-05,1176.0,1213.6,1151.0,1199.4,3718458.0,49.94
2024-08-06,1200.0,1212.1,1182.85,1185.6,1304014.0,45.44
2024-08-07,1182.55,1207.75,1182.55,1199.6,759323.0,49.59
2024-08-08,1192.0,1195.0,1174.0,1178.3,1298997.0,53.87
2024-08-09,1188.9,1188.9,1180.0,1186.15,489864.0,58.29
2024-08-12,1176.0,1184.35,1166.05,1170.8,787584.0,51.74
2024-08-13,1172.7,1182.75,1167.6,1178.8,785371.0,53.51
2024-08-14,1187.0,1187.1,1158.7,1167.55,991108.0,58.11
2024-08-15,1187.0,1187.1,1158.7,1167.55,991108.0,58.11
2024-08-16,1168.0,1190.65,1168.0,1187.75,831846.0,52.74
2024-08-19,1198.0,1200.0,1171.55,1177.4,682374.0,50.45
2024-08-20,1182.95,1182.95,1166.75,1171.2,673329.0,64.54
2024-08-21,1171.95,1181.0,1167.05,1177.55,802420.0,58.1
2024-08-22,1184.05,1209.85,1181.0,1205.8,2041300.0,37.24
2024-08-23,1212.0,1215.0,1194.9,1196.8,852159.0,40.91
2024-08-26,1205.0,1221.85,1194.05,1220.05,1045317.0,48.86
2024-08-27,1220.0,1220.55,1208.0,1209.6,483025.0,51.27
2024-08-28,1210.0,1215.35,1196.6,1201.15,779730.0,59.16
2024-08-29,1201.15,1208.9,1185.25,1198.45,1062444.0,41.04
2024-08-30,1195.0,1207.5,1195.0,1200.15,2550399.0,78.98
2024-09-02,1200.0,1227.0,1197.2,1199.7,1852516.0,35.82
2024-09-03,1209.0,1218.35,1196.3,1199.0,1884428.0,54.36
2024-09-04,1196.05,1198.95,1175.0,1194.95,1633635.0,53.68
2024-09-05,1199.5,1206.85,1185.65,1188.65,1062421.0,51.36
2024-09-06,1188.0,1191.75,1168.75,1173.85,989655.0,57.89
2024-09-09,1173.85,1195.95,1169.9,1192.05,1969830.0,41.98
2024-09-10,1200.0,1212.95,1196.25,1204.15,1815998.0,52.93
2024-09-11,1209.9,1219.0,1201.25,1204.4,1837013.0,59.5
2024-09-12,1210.0,1225.95,1199.35,1222.75,2635403.0,54.89
2024-09-13,1226.0,1227.0,1208.05,1210.3,1569211.0,61.73
2024-09-16,1220.0,1223.75,1207.0,1218.5,984584.0,55.92
2024-09-17,1223.0,1234.3,1212.15,1220.25,1450593.0,53.25
2024-09-18,1220.25,1223.4,1194.0,1200.85,930896.0,59.65
2024-09-19,1207.0,1225.6,1204.05,1215.25,2737652.0,67.18
2024-09-20,1220.0,1230.95,1213.35,1216.85,3533125.0,67.28
2024-09-23,1222.0,1233.65,1210.25,1211.55,2818001.0,55.99
2024-09-24,1216.0,1227.9,1210.05,1211.65,3393528.0,77.3
2024-09-25,1213.9,1216.0,1182.05,1189.6,2448744.0,61.76
2024-09-26,1195.0,1217.0,1191.15,1213.45,2323705.0,53.62
2024-09-27,1213.95,1215.7,1199.0,1201.55,2177204.0,72.68
2024-09-30,1194.95,1213.65,1194.95,1196.95,1223096.0,69.18
2024-10-01,1196.95,1205.45,1191.6,1196.25,892381.0,60.04
2024-10-02,1196.95,1205.45,1191.6,1196.25,892381.0,60.04
2024-10-03,1186.0,1190.0,1150.15,1152.75,1912206.0,64.05
2024-10-04,1150.0,1154.75,1125.2,1130.4,1773781.0,62.54
2024-10-07,1130.4,1142.65,1106.95,1111.4,1542124.0,54.56
2024-10-08,1111.4,1124.4,1105.45,1119.05,1738272.0,64.33
2024-10-09,1127.0,1132.0,1110.0,1117.8,1322027.0,51.55
2024-10-10,1117.8,1129.0,1111.4,1114.15,1176370.0,40.53
2024-10-11,1118.0,1122.35,1101.65,1113.1,569469.0,37.59
2024-10-14,1120.0,1138.0,1105.6,1113.55,513799.0,41.15
2024-10-15,1116.0,1119.0,1106.1,1115.25,768815.0,65.07
2024-10-16,1115.2,1120.0,1102.1,1113.95,738403.0,57.55
2024-10-17,1113.0,1117.0,1087.65,1090.15,975432.0,52.58
2024-10-18,1090.15,1098.15,1072.05,1093.25,953926.0,51.13
2024-10-21,1047.0,1059.45,986.35,1017.05,11484692.0,45.54
2024-10-22,1023.3,1023.85,994.5,998.25,2742491.0,56.89
2024-10-23,1000.0,1016.8,995.0,1014.55,1936612.0,54.91
2024-10-24,1017.95,1022.1,994.9,996.45,2014701.0,59.37
2024-10-25,996.9,1003.55,970.5,973.05,2258366.0,64.73
2024-10-28,973.05,983.35,964.0,975.9,2364081.0,64.76
2024-10-29,982.0,995.3,973.8,992.05,1256095.0,57.25
2024-10-30,991.25,1027.0,988.15,1022.7,2048134.0,47.86
2024-10-31,1025.0,1027.9,997.1,1002.55,1381633.0,55.87
2024-11-01,1002.55,1012.0,1000.0,1004.1,212772.0,49.66
2024-11-04,998.0,1000.95,976.05,994.6,1427199.0,49.78
2024-11-05,985.1,1013.1,985.1,1000.75,1163041.0,43.81
2024-11-06,1002.0,1010.65,997.9,1007.05,683591.0,53.3
2024-11-07,1007.5,1010.0,983.55,984.85,1144864.0,60.24
2024-11-08,989.0,997.3,975.4,992.95,973252.0,54.8
2024-11-11,993.2,997.95,973.25,975.95,1108758.0,58.55
2024-11-12,975.95,986.35,965.55,967.55,968082.0,59.22
2024-11-13,965.0,969.95,950.0,952.75,948691.0,59.62
2024-11-14,950.0,955.25,922.0,925.0,1950720.0,49.9
2024-11-18,929.8,942.5,916.0,930.75,2193819.0,52.09
2024-11-19,935.0,940.5,915.05,917.15,1844903.0,65.82
2024-11-20,935.0,940.5,915.05,917.15,1844903.0,65.82
2024-11-21,917.15,922.0,900.5,911.7,1550618.0,49.81
2024-11-22,916.25,948.5,912.85,945.2,1427895.0,53.99
2024-11-25,950.0,962.75,946.6,955.7,2468847.0,65.66
2024-11-26,960.0,967.45,951.95,963.55,638057.0,41.1
2024-11-27,964.0,965.1,952.7,960.05,786040.0,56.6
2024-11-28,960.0,972.7,938.3,941.05,1834887.0,56.88
2024-11-29,941.8,964.4,941.5,958.65,1482253.0,56.22
2024-12-02,958.65,962.85,947.3,957.0,916920.0,50.57
2024-12-03,958.05,959.75,948.65,955.0,1346981.0,64.39
2024-12-04,956.0,963.85,949.65,961.2,1236061.0,65.34
2024-12-05,965.0,970.95,946.25,966.45,2043341.0,50.36
2024-12-06,970.0,976.4,964.1,974.45,1893714.0,52.07
2024-12-09,974.0,974.0,931.5,933.95,3679131.0,53.51
2024-12-10,938.5,938.6,925.2,926.75,1990270.0,69.61
2024-12-11,931.4,942.95,929.4,935.05,1356603.0,44.91
2024-12-12,937.0,938.45,916.0,921.25,1913140.0,43.7
2024-12-13,919.25,931.0,907.4,929.7,1278151.0,41.67
2024-12-16,929.7,934.65,917.0,920.35,848667.0,47.06
2024-12-17,920.35,922.0,900.0,904.9,1597108.0,53.19
2024-12-18,905.0,916.9,904.45,909.35,1154541.0,50.6
2024-12-19,908.0,918.0,901.1,907.1,2589001.0,51.54
2024-12-20,907.0,916.5,882.9,889.45,2441036.0,60.24
2024-12-23,894.95,906.0,890.0,902.75,1054695.0,45.27
2024-12-24,904.95,912.95,896.8,907.3,1038280.0,45.19
2024-12-25,904.95,912.95,896.8,907.3,1038280.0,45.19
2024-12-26,908.0,911.35,898.6,900.95,595956.0,43.14
2024-12-27,902.0,911.4,899.0,907.95,870974.0,50.0
2024-12-30,907.95,912.0,898.7,903.5,1830048.0,65.13
2024-12-31,899.0,917.15,893.1,914.7,1120133.0,53.94
2025-01-01,913.0,922.5,911.0,920.3,641424.0,53.41
2025-01-02,921.0,931.25,913.05,929.65,1705632.0,70.17
2025-01-03,932.7,941.9,926.0,939.45,1832664.0,63.75
2025-01-06,935.0,955.0,929.1,946.9,2692614.0,42.68
2025-01-07,952.0,972.0,949.75,955.0,2413582.0,41.74
2025-01-08,955.0,963.85,945.45,961.6,1235226.0,51.81
2025-01-09,957.45,982.8,954.5,970.1,2130681.0,40.55
2025-01-10,965.2,980.0,959.0,972.8,1443387.0,51.43
2025-01-13,945.2,969.05,945.0,965.45,1876479.0,62.26
2025-01-14,965.7,977.0,958.6,963.15,1558290.0,60.31
2025-01-15,963.15,963.15,944.6,955.55,3190709.0,74.84
2025-01-16,960.0,960.0,926.05,937.7,2019985.0,40.18
2025-01-17,942.0,959.35,935.35,954.45,677451.0,38.87
2025-01-20,960.0,968.6,944.45,960.3,702848.0,47.96
2025-01-21,961.05,978.0,957.9,972.1,2281022.0,39.47
2025-01-22,976.9,981.7,958.15,967.4,1759236.0,48.91
2025-01-23,967.35,993.5,961.15,983.9,1235360.0,38.1
2025-01-24,988.75,1004.0,986.4,992.35,2201712.0,38.14
2025-01-27,989.05,998.4,960.0,965.8,1806238.0,47.49
2025-01-28,970.95,979.25,958.0,961.25,1647098.0,50.84
2025-01-29,961.25,966.65,938.0,960.5,1479070.0,38.73
2025-01-30,965.95,975.0,953.0,966.7,1706978.0,39.16
2025-01-31,970.0,1031.2,967.9,1024.65,5028986.0,29.31
2025-02-03,1067.35,1074.45,1033.65,1036.3,1298543.0,34.87
2025-02-04,1040.0,1043.8,1019.05,1034.2,2251233.0,50.88
2025-02-05,1035.1,1035.25,1010.55,1015.3,1628436.0,56.62
2025-02-06,1020.4,1026.3,1010.15,1023.35,1172479.0,30.19
2025-02-07,1031.9,1031.9,1012.55,1021.2,941811.0,56.69
2025-02-10,1020.0,1036.85,1015.8,1027.5,1418998.0,32.33
2025-02-11,1029.9,1035.45,1009.1,1013.8,1204012.0,45.77
2025-02-12,1019.0,1039.0,1010.05,1029.75,1082392.0,34.48
2025-02-13,1029.75,1037.0,1016.85,1022.8,1169309.0,44.67
2025-02-14,1027.9,1037.85,1018.0,1022.55,2032391.0,51.05
2025-02-17,1022.0,1027.45,1005.05,1023.25,925113.0,44.66
2025-02-18,1019.1,1027.95,1018.55,1026.95,789814.0,68.19
2025-02-19,1024.0,1032.85,1021.3,1025.3,782204.0,61.13
2025-02-20,1020.0,1030.25,1003.65,1008.9,878748.0,53.88
2025-02-21,1008.0,1013.65,991.45,1004.0,1330146.0,56.57
2025-02-24,990.0,1011.1,990.0,1002.4,1002365.0,55.41
2025-02-25,994.0,1010.0,993.15,1004.85,1663313.0,68.91
2025-02-27,1005.0,1010.15,998.25,1008.0,1362115.0,73.7
2025-02-28,995.0,1001.5,957.35,963.7,5082193.0,63.66
2025-03-03,963.7,970.0,948.4,953.9,1323481.0,65.19
2025-03-04,945.1,957.85,943.15,954.55,1916433.0,69.78
2025-03-05,948.5,965.95,948.0,956.8,2773457.0,82.21
2025-03-06,964.0,965.0,943.05,958.15,2421530.0,55.09
2025-03-07,957.0,967.4,950.15,962.05,945675.0,71.12
2025-03-10,960.0,969.3,953.0,957.3,1660207.0,63.67
2025-03-11,956.0,962.4,930.1,959.85,2748541.0,80.73
2025-03-12,951.65,961.75,943.35,945.45,1619168.0,70.87
2025-03-13,950.0,955.0,940.15,946.1,907521.0,66.78
2025-03-17,946.1,956.5,934.6,940.45,993027.0,64.12
2025-03-18,941.05,950.6,938.15,946.85,2343994.0,69.25
2025-03-19,947.5,959.85,945.25,949.85,1650477.0,73.49
2025-03-20,953.1,967.7,950.25,965.85,2403031.0,69.44
2025-03-21,968.0,972.15,956.6,961.2,3155551.0,76.73
2025-03-24,965.25,976.15,956.5,970.45,1475967.0,67.28
2025-03-25,979.0,979.9,959.0,970.7,1569597.0,57.58
2025-03-26,975.0,976.3,956.95,959.65,1399118.0,62.66
2025-03-27,963.0,980.4,952.5,973.55,2585170.0,68.02
2025-03-28,975.5,1015.0,975.0,1001.9,2313101.0,39.88
2025-04-01,1003.0,1014.55,989.25,992.25,1045548.0,55.91
2025-04-02,1018.0,1073.15,1015.0,1062.7,8717812.0,21.8
2025-04-03,1049.9,1075.25,1048.1,1071.0,1595000.0,47.64
2025-04-04,1065.45,1095.55,1062.9,1087.85,4089261.0,45.9
2025-04-07,1019.0,1077.7,1019.0,1047.35,3200820.0,60.45
2025-04-08,1056.0,1073.5,1044.75,1069.75,1444712.0,54.37
2025-04-09,1062.0,1092.95,1060.05,1089.75,2274161.0,64.72
2025-04-11,1125.0,1126.0,1093.75,1097.9,1888677.0,63.66
2025-04-15,1108.3,1111.0,1094.1,1103.4,1023355.0,64.57
2025-04-16,1094.1,1108.9,1086.8,1105.9,679360.0,45.86
2025-04-17,1104.0,1133.8,1094.5,1120.2,1541674.0,54.44
2025-04-21,1120.2,1129.5,1102.4,1121.0,692767.0,44.55
2025-04-22,1121.7,1149.0,1118.2,1136.7,1231830.0,43.67
2025-04-23,1143.0,1156.6,1132.6,1150.1,1760325.0,44.55
2025-04-24,1151.0,1168.9,1098.3,1161.3,5766752.0,29.65
2025-04-25,1160.2,1165.0,1130.7,1155.7,1451946.0,48.94
2025-04-28,1146.1,1162.5,1145.0,1155.2,663435.0,53.83
2025-04-29,1155.2,1174.1,1149.9,1168.9,1439143.0,60.02
2025-04-30,1174.7,1180.5,1152.4,1165.8,1477319.0,54.7
2025-05-02,1157.0,1176.2,1151.0,1156.8,1042342.0,61.94
2025-05-05,1155.5,1173.6,1153.0,1161.5,1359727.0,69.67
2025-05-06,1161.5,1173.5,1152.6,1155.3,1382140.0,63.94
2025-05-07,1140.0,1162.3,1136.4,1146.0,1792683.0,67.34
2025-05-08,1136.0,1140.0,1107.5,1116.0,2692162.0,52.97
2025-05-09,1098.0,1118.6,1086.4,1113.7,815694.0,52.64
2025-05-12,1123.0,1155.0,1123.0,1145.6,748637.0,44.89
2025-05-13,1145.3,1150.3,1116.2,1118.6,1096797.0,54.79
2025-05-14,1118.6,1128.9,1115.8,1120.4,1386813.0,61.75
2025-05-15,1120.4,1159.2,1105.5,1147.2,2064096.0,47.87
2025-05-16,1154.9,1173.5,1144.0,1168.0,1336653.0,52.4
2025-05-19,1168.0,1169.7,1143.0,1149.3,786128.0,56.61
2025-05-20,1149.0,1155.2,1126.8,1128.5,825451.0,67.19
2025-05-21,1128.5,1153.5,1123.8,1138.8,619421.0,49.59
2025-05-22,1138.8,1138.8,1115.5,1126.7,1414277.0,57.13
2025-05-23,1126.5,1152.0,1124.0,1140.8,897235.0,53.98
2025-05-26,1137.0,1153.4,1137.0,1146.3,616370.0,53.28
2025-05-27,1146.6,1149.8,1127.2,1138.4,901912.0,51.16
2025-05-28,1138.4,1138.8,1119.0,1121.4,492483.0,41.41
2025-05-29,1115.7,1118.1,1098.2,1109.8,2556089.0,64.72
2025-05-30,1109.8,1119.8,1101.6,1106.3,2475644.0,70.85
2025-06-02,1100.0,1125.0,1099.2,1120.4,907133.0,52.13
2025-06-03,1116.1,1123.2,1110.1,1114.6,795876.0,64.49
2025-06-04,1110.0,1125.9,1110.0,1124.4,635699.0,71.86
2025-06-05,1124.5,1127.1,1108.2,1111.9,1044950.0,49.6
2025-06-06,1111.9,1123.9,1109.4,1115.6,503186.0,49.03
2025-06-09,1115.6,1122.5,1110.2,1121.2,467790.0,54.92
2025-06-10,1121.2,1128.6,1112.7,1115.1,460271.0,57.24
2025-06-11,1115.2,1119.0,1102.0,1104.3,862130.0,65.03
2025-06-12,1108.9,1108.9,1080.0,1085.1,941294.0,50.34
2025-06-13,1066.6,1080.6,1066.6,1078.4,614108.0,61.09
2025-06-16,1074.0,1085.0,1073.6,1083.4,439929.0,56.35
2025-06-17,1083.4,1094.0,1065.5,1071.6,664517.0,59.62
2025-06-18,1066.4,1075.8,1059.0,1065.2,545933.0,53.91
2025-06-19,1065.2,1091.6,1061.6,1088.3,2816398.0,45.78
2025-06-20,1088.3,1103.0,1082.7,1100.2,2084108.0,66.63
2025-06-23,1090.0,1112.0,1090.0,1109.4,758904.0,52.97
2025-06-24,1112.0,1116.9,1104.4,1107.7,1134930.0,41.14
2025-06-25,1107.7,1133.9,1106.6,1126.5,1564437.0,46.25
2025-06-26,1122.0,1150.0,1119.1,1145.4,2236678.0,61.12
2025-06-27,1144.0,1147.2,1120.0,1124.3,622376.0,61.54
2025-06-30,1124.0,1126.7,1090.6,1098.9,1836286.0,54.21
2025-07-01,1098.9,1100.7,1085.9,1095.6,971874.0,57.62
2025-07-02,1094.0,1098.3,1084.0,1095.8,1230645.0,65.56
2025-07-03,1096.0,1105.8,1086.7,1089.4,730322.0,48.48
2025-07-04,1091.0,1095.0,1082.0,1089.7,573351.0,54.36
2025-07-07,1085.0,1108.2,1085.0,1101.9,1152136.0,52.06
2025-07-08,1108.0,1108.6,1093.5,1099.9,605639.0,58.44
2025-07-09,1100.0,1107.4,1091.6,1097.9,752158.0,56.68
2025-07-10,1097.9,1103.7,1080.1,1088.9,533377.0,58.69
2025-07-11,1083.9,1101.8,1074.0,1076.8,983485.0,54.1
2025-07-14,1076.8,1083.5,1070.0,1071.8,770739.0,61.74
2025-07-15,1071.8,1085.0,1067.5,1081.8,538506.0,60.14
2025-07-16,1081.8,1089.9,1068.2,1081.5,1753658.0,72.44
2025-07-17,1081.5,1109.7,1080.0,1105.8,1193262.0,45.88
2025-07-18,1106.0,1108.3,1093.5,1095.9,844437.0,60.86
2025-07-21,1095.8,1095.8,1077.0,1090.3,805610.0,63.5
2025-07-22,1089.9,1090.3,1075.3,1084.8,961735.0,67.57
2025-07-23,1085.0,1087.0,1051.0,1062.6,1508414.0,43.69
2025-07-24,1084.0,1104.5,1065.5,1072.8,6264546.0,40.73
2025-07-25,1078.0,1079.8,1050.0,1054.4,1180451.0,46.36
2025-07-28,1048.0,1071.0,1044.4,1059.9,1219854.0,55.14
2025-07-29,1059.9,1076.2,1054.0,1061.6,944513.0,51.16
2025-07-30,1056.0,1083.0,1056.0,1073.1,1175543.0,45.22
2025-07-31,1068.7,1079.7,1054.5,1073.2,1114320.0,51.14
2025-08-01,1067.1,1089.9,1067.0,1070.4,1040166.0,52.8
2025-08-04,1070.4,1075.6,1060.0,1072.6,663828.0,49.03
2025-08-05,1072.6,1073.0,1059.1,1064.6,861402.0,65.92
2025-08-06,1061.0,1067.3,1050.6,1052.8,598309.0,59.63
2025-08-07,1051.0,1056.5,1038.7,1052.8,600790.0,47.8
2025-08-08,1052.0,1062.0,1043.0,1051.0,843741.0,55.07
2025-08-11,1048.0,1062.9,1037.7,1059.1,617689.0,48.13
2025-08-12,1055.8,1062.9,1045.0,1046.8,651741.0,59.91
2025-08-13,1047.8,1058.7,1043.2,1056.1,501792.0,51.66
2025-08-14,1057.2,1059.4,1045.4,1051.2,767620.0,68.33
2025-08-18,1061.0,1090.0,1059.0,1071.3,1099268.0,46.66
2025-08-19,1076.7,1092.9,1069.0,1085.8,667231.0,47.12
2025-08-20,1086.0,1106.9,1078.9,1105.3,871108.0,45.83
2025-08-21,1104.0,1104.0,1086.5,1088.1,614098.0,35.26
2025-08-22,1087.2,1091.7,1080.0,1084.1,394813.0,48.05
2025-08-25,1085.0,1091.3,1079.1,1081.6,444715.0,52.08
2025-08-26,1074.1,1091.8,1070.1,1079.9,1201357.0,59.85
2025-08-28,1081.5,1085.2,1060.0,1062.4,641975.0,52.62
2025-08-29,1065.0,1077.5,1055.2,1065.4,1079893.0,60.26
2025-09-01,1059.1,1077.0,1057.0,1075.7,807324.0,57.39
2025-09-02,1077.0,1105.6,1074.1,1100.8,1649975.0,61.43
2025-09-03,1102.9,1106.6,1086.5,1104.4,1244093.0,57.92
2025-09-04,1126.0,1126.0,1067.2,1071.1,2407789.0,47.9
2025-09-05,1074.0,1077.5,1061.2,1072.4,1130356.0,47.75
2025-09-08,1072.4,1081.3,1068.7,1074.2,600835.0,64.19
2025-09-09,1074.2,1086.0,1068.1,1083.5,779147.0,60.18
2025-09-10,1083.5,1103.0,1081.7,1101.0,1200433.0,58.6
2025-09-11,1099.0,1107.8,1094.3,1105.3,1030547.0,51.79
2025-09-12,1105.0,1109.3,1095.2,1103.9,1131972.0,65.96
2025-09-15,1103.9,1107.9,1090.6,1102.6,1491729.0,64.38
2025-09-16,1103.0,1105.4,1087.0,1092.1,641025.0,54.34
2025-09-17,1103.1,1138.8,1103.1,1136.3,3361334.0,35.52
2025-09-18,1136.3,1144.4,1123.0,1129.3,1030976.0,46.51
2025-09-19,1128.5,1132.6,1114.4,1126.8,1438338.0,64.63
2025-09-22,1120.0,1136.8,1119.9,1130.1,701996.0,56.82
2025-09-23,1131.0,1134.6,1118.4,1128.5,1082761.0,56.19
2025-09-24,1125.0,1147.1,1118.4,1140.1,1100753.0,50.0
2025-09-25,1145.0,1146.5,1127.6,1134.2,1023970.0,58.28
2025-09-26,1126.0,1136.9,1117.2,1119.0,565909.0,53.94
2025-09-29,1119.0,1130.4,1103.0,1123.1,1372491.0,62.15
2025-09-30,1123.0,1133.2,1114.0,1129.3,1377509.0,49.97
2025-10-01,1129.1,1149.8,1122.1,1144.8,789835.0,53.66
2025-10-03,1146.0,1150.0,1129.1,1137.5,1567152.0,71.35
2025-10-06,1133.0,1152.0,1132.3,1142.1,1472109.0,67.16
2025-10-07,1136.4,1144.9,1115.3,1120.0,1354474.0,60.5
2025-10-08,1112.0,1126.7,1110.0,1120.2,963508.0,54.48
2025-10-09,1117.0,1124.4,1114.5,1118.0,852898.0,62.27
2025-10-10,1116.0,1131.4,1108.4,1126.5,982270.0,62.96
2025-10-13,1120.0,1132.4,1112.5,1117.0,832628.0,64.82
2025-10-14,1115.0,1124.5,1110.7,1118.9,1033610.0,65.33
2025-10-15,1118.9,1122.1,1112.2,1114.2,1299596.0,70.52
2025-10-16,1114.2,1154.2,1109.0,1149.3,2383412.0,56.27
2025-10-17,1152.2,1173.5,1142.5,1166.0,2001759.0,48.51
2025-10-20,1166.9,1187.5,1163.6,1176.4,1751305.0,56.41
2025-10-21,1176.4,1184.4,1172.5,1174.6,123219.0,50.12
2025-10-22,1176.4,1184.4,1172.5,1174.6,123219.0,50.12
2025-10-23,1174.6,1191.2,1158.0,1161.0,1137414.0,52.32
2025-10-24,1163.3,1163.3,1144.4,1155.3,1103267.0,61.72
2025-10-27,1155.9,1180.0,1155.9,1169.9,874449.0,44.64
2025-10-28,1169.3,1176.4,1157.8,1168.9,842574.0,39.76
2025-10-29,1169.0,1188.0,1167.3,1177.1,1017034.0,46.03
2025-10-30,1184.0,1184.0,1167.0,1176.6,900192.0,61.31
2025-10-31,1171.0,1183.5,1157.8,1165.0,749738.0,54.15
2025-11-03,1164.8,1202.8,1157.2,1197.5,2595111.0,19.43
2025-11-04,1199.8,1199.8,1138.1,1179.3,2886618.0,36.74
2025-11-05,1199.8,1199.8,1138.1,1179.3,2886618.0,36.74
2025-11-06,1172.1,1192.5,1167.4,1190.4,2401724.0,69.07
2025-11-07,1185.0,1187.8,1155.8,1167.2,1351606.0,59.66
2025-11-10,1167.2,1173.8,1138.6,1142.7,1586398.0,61.83
2025-11-11,1148.0,1159.0,1134.0,1156.2,1177071.0,56.04
2025-11-12,1156.3,1165.8,1153.1,1162.0,1168588.0,60.95
2025-11-13,1168.0,1168.0,1146.6,1154.8,1603498.0,67.52
2025-11-14,1149.0,1163.6,1146.8,1157.8,1832598.0,77.26
2025-11-17,1166.0,1182.8,1158.0,1178.9,2105780.0,65.6
2025-11-18,1178.7,1178.7,1151.9,1154.1,1695622.0,68.74
2025-11-19,1154.1,1165.8,1149.0,1162.1,1935207.0,70.83
2025-11-20,1164.9,1179.4,1163.0,1173.9,2193836.0,72.39
2025-11-21,1173.9,1187.0,1162.5,1183.1,3194549.0,71.88
2025-11-24,1188.5,1194.7,1171.8,1186.0,4765158.0,79.1
2025-11-25,1188.0,1194.0,1165.7,1177.7,1258048.0,53.03
2025-11-26,1150.0,1187.0,1150.0,1185.3,713335.0,46.55
2025-11-27,1187.0,1192.9,1168.3,1177.7,1118308.0,56.36
2025-11-28,1177.1,1182.1,1165.7,1172.4,1020242.0,59.64
2025-12-01,1172.4,1178.0,1159.6,1163.8,487062.0,52.97
2025-12-02,1160.0,1173.1,1156.2,1162.2,708989.0,64.3
2025-12-03,1159.8,1163.4,1133.6,1140.0,716554.0,45.77
2025-12-04,1153.0,1154.0,1137.1,1148.4,703643.0,40.02
2025-12-05,1148.4,1165.3,1140.1,1162.9,699541.0,62.1
2025-12-08,1162.9,1171.0,1142.3,1145.8,590111.0,53.07
2025-12-09,1140.6,1151.1,1131.9,1146.7,851746.0,58.15
2025-12-10,1141.1,1156.7,1138.3,1140.1,342793.0,42.3
2025-12-11,1136.1,1154.2,1135.0,1142.1,616435.0,51.36
2025-12-12,1142.1,1151.0,1138.0,1149.3,751834.0,63.74
2025-12-15,1143.0,1169.4,1140.1,1157.4,1037323.0,55.89
2025-12-16,1157.4,1176.7,1153.4,1169.9,1181775.0,48.76
2025-12-17,1170.0,1187.9,1170.0,1179.8,1502200.0,62.69
2025-12-18,1176.9,1183.6,1168.0,1171.5,568209.0,50.01
2025-12-19,1171.5,1186.3,1169.6,1184.0,598033.0,59.44
2025-12-22,1184.0,1188.7,1174.1,1178.8,670307.0,59.36
2025-12-23,1178.8,1187.3,1171.0,1185.6,805182.0,68.47
2025-12-24,1187.3,1189.5,1171.4,1179.2,530345.0,58.93
2025-12-25,1187.3,1189.5,1171.4,1179.2,530345.0,58.93
2025-12-26,1173.6,1179.8,1172.0,1175.7,322741.0,71.06
2025-12-29,1174.0,1200.9,1170.5,1195.2,1806020.0,55.58
2025-12-30,1200.7,1201.8,1171.1,1179.0,2256987.0,63.79
2025-12-31,1179.0,1195.1,1172.6,1192.0,960678.0,61.46
2026-01-01,1192.0,1195.5,1173.3,1176.9,947192.0,64.82
2026-01-02,1176.9,1185.7,1168.4,1170.7,955406.0,67.78
2026-01-05,1165.0,1191.0,1165.0,1182.1,1521762.0,69.07
2026-01-06,1182.1,1215.0,1182.1,1210.4,1202300.0,52.78
2026-01-07,1216.4,1220.9,1205.3,1212.6,1021615.0,56.78
2026-01-08,1212.0,1212.0,1193.0,1197.4,562710.0,47.3
2026-01-09,1197.3,1207.8,1173.8,1175.9,555547.0,48.25
2026-01-12,1173.5,1196.7,1173.5,1192.3,663978.0,32.8
2026-01-13,1190.0,1198.3,1181.3,1189.4,598454.0,50.25
2026-01-14,1189.4,1191.0,1168.6,1171.4,577684.0,55.2
2026-01-15,1189.4,1191.0,1168.6,1171.4,577684.0,55.2
2026-01-16,1171.3,1199.7,1166.3,1189.1,1250225.0,61.0
2026-01-19,1180.2,1188.6,1174.0,1180.2,547580.0,56.27
2026-01-20,1180.0,1203.9,1176.3,1185.0,2027446.0,51.47
2026-01-21,1180.5,1197.5,1158.7,1163.6,946906.0,46.0
2026-01-22,1165.4,1188.5,1163.7,1175.2,1495139.0,63.67
2026-01-23,1178.5,1187.8,1149.7,1153.5,1456971.0,59.32
2026-01-26,1178.5,1187.8,1149.7,1153.5,1456971.0,59.32
2026-01-27,1158.6,1200.0,1149.5,1187.4,3844021.0,36.05
2026-01-28,1190.0,1192.7,1114.0,1131.8,4560055.0,44.7
2026-01-29,1130.0,1131.4,1100.1,1107.2,2786421.0,65.23
2026-01-30,1106.5,1138.9,1100.1,1133.9,2570464.0,53.52
2026-02-02,1092.9,1132.7,1084.0,1125.4,1776779.0,40.73
2026-02-03,1148.9,1180.9,1136.1,1155.4,1254462.0,46.79
2026-02-04,1154.0,1170.7,1145.9,1153.0,1109383.0,58.09
2026-02-05,1149.5,1163.6,1145.3,1155.9,1162295.0,57.3
2026-02-06,1146.0,1162.0,1146.0,1159.3,830634.0,59.54
2026-02-09,1159.3,1175.0,1156.0,1167.2,1105510.0,59.84
2026-02-10,1167.2,1167.8,1148.6,1152.2,978264.0,63.34
2026-02-11,1157.6,1166.2,1150.2,1152.6,751635.0,52.28
2026-02-12,1157.0,1157.0,1142.3,1149.3,624666.0,57.7
2026-02-13,1148.9,1154.0,1125.4,1132.2,525887.0,55.6
2026-02-16,1128.5,1141.8,1117.1,1139.2,780629.0,55.19
2026-02-17,1133.5,1151.0,1131.7,1148.5,442621.0,44.89
2026-02-18,1148.0,1173.2,1145.8,1169.7,641938.0,60.07
2026-02-19,1169.0,1169.0,1151.7,1160.5,994383.0,62.75
2026-02-20,1162.1,1168.5,1153.5,1156.2,484995.0,51.23
2026-02-23,1156.2,1179.5,1155.2,1171.8,623773.0,46.17
2026-02-24,1161.0,1182.4,1160.7,1178.0,625615.0,52.13
2026-02-25,1183.1,1185.0,1161.0,1172.3,565726.0,58.92
2026-02-26,1172.0,1177.4,1153.5,1159.5,629003.0,50.31
2026-02-27,1151.1,1159.5,1134.9,1141.0,2035788.0,71.25
2026-03-02,1110.8,1145.8,1110.8,1125.2,1368110.0,45.27
2026-03-03,1110.8,1145.8,1110.8,1125.2,1368110.0,45.27
2026-03-04,1114.5,1118.8,1098.7,1110.6,1221984.0,56.93
2026-03-05,1112.3,1123.7,1095.8,1119.1,1368338.0,61.21
2026-03-06,1119.1,1128.7,1112.1,1116.7,919798.0,59.01
2026-03-09,1086.7,1106.9,1082.5,1102.5,1007371.0,60.77
2026-03-10,1102.4,1111.0,1096.0,1099.5,1165119.0,55.16
2026-03-11,1102.0,1102.1,1070.2,1073.4,1066872.0,53.51
2026-03-12,1070.5,1072.8,1051.4,1057.8,961388.0,53.53
2026-03-13,1049.0,1093.9,1048.0,1083.6,2855691.0,44.75
2026-03-16,1083.6,1099.7,1071.0,1092.7,1527989.0,54.14
2026-03-17,1092.7,1104.2,1074.0,1078.0,1998285.0,56.25
2026-03-18,1075.6,1085.2,1068.0,1075.1,1092393.0,55.69
2026-03-19,1055.1,1067.9,1039.4,1044.6,747138.0,49.99
2026-03-20,1054.7,1056.0,1043.5,1050.2,2095970.0,67.29
2026-03-23,1036.1,1042.0,1019.6,1023.6,2006447.0,62.61
2026-03-24,1030.9,1059.5,1022.8,1053.1,1423695.0,65.34
2026-03-25,1053.1,1073.0,1050.6,1056.1,1566241.0,63.72
2026-03-26,1053.1,1073.0,1050.6,1056.1,1566241.0,63.72
2026-03-27,1049.3,1057.5,1032.7,1048.5,1815831.0,61.76
2026-03-30,1038.8,1047.9,1010.8,1014.8,1801570.0,42.83
2026-03-31,1038.8,1047.9,1010.8,1014.8,1801570.0,42.83
2026-04-01,1025.0,1036.0,1013.0,1023.8,1309809.0,57.45
2026-04-02,1020.0,1046.1,1007.2,1042.0,2586178.0,60.11
2026-04-03,1020.0,1046.1,1007.2,1042.0,2586178.0,60.11
2026-04-06,1043.0,1063.6,1022.7,1055.2,2179297.0,59.92
2026-04-07,1045.3,1064.4,1034.6,1062.0,1342335.0,51.3
2026-04-08,1076.0,1091.9,1066.0,1068.5,1950233.0,59.8
2026-04-09,1062.5,1087.0,1060.1,1078.0,2167226.0,60.92
2026-04-10,1086.1,1095.8,1079.0,1093.7,1580158.0,69.25
2026-04-13,1075.5,1093.5,1073.8,1090.3,1688476.0,59.54
2026-04-14,1075.5,1093.5,1073.8,1090.3,1688476.0,59.54
2026-04-15,1098.2,1108.3,1091.7,1094.2,1384602.0,68.4
2026-04-16,1098.0,1105.1,1081.7,1102.6,1439626.0,55.12
2026-04-17,1098.4,1126.4,1091.1,1113.2,1287668.0,43.24
2026-04-20,1113.2,1129.5,1106.7,1120.4,1132404.0,58.92
2026-04-21,1125.0,1145.6,1120.5,1142.0,1072221.0,49.98
2026-04-22,1144.0,1194.9,1139.8,1178.6,4284220.0,58.95
2026-04-23,1178.0,1188.9,1160.1,1184.4,1581113.0,56.67
2026-04-24,1185.0,1197.0,1162.0,1174.0,1235448.0,38.95
2026-04-27,1168.0,1183.9,1155.0,1160.5,1019797.0,54.29
2026-04-28,1150.2,1159.8,1144.0,1147.7,1646292.0,63.73
2026-04-29,1147.7,1171.2,1147.7,1168.0,1346355.0,61.01
2026-04-30,1170.0,1170.0,1139.4,1144.6,1433160.0,62.21
2026-05-01,1170.0,1170.0,1139.4,1144.6,1433160.0,62.21
2026-05-04,1149.7,1174.4,1149.7,1160.4,1313831.0,52.11
2026-05-05,1161.2,1166.8,1149.0,1153.5,1065572.0,57.25
2026-05-06,1160.0,1166.9,1138.9,1152.2,1566762.0,63.61
2026-05-07,1152.2,1162.2,1135.6,1151.7,1465163.0,56.47
2026-05-08,1155.0,1194.0,1155.0,1176.2,3672201.0,48.02
2026-05-11,1202.2,1279.4,1200.0,1271.0,19203071.0,34.14
2026-05-12,1269.7,1282.7,1250.4,1253.0,3357918.0,45.64
2026-05-13,1249.1,1277.9,1233.0,1235.0,2412317.0,58.57
2026-05-14,1241.0,1250.0,1224.3,1228.3,1390903.0,56.69
2026-05-15,1228.8,1255.1,1225.8,1234.0,2755516.0,62.68
2026-05-18,1230.7,1233.4,1215.1,1231.0,1494098.0,55.54
2026-05-19,1231.0,1236.6,1206.4,1210.9,2163846.0,64.86
2026-05-20,1207.1,1216.6,1194.2,1208.7,1718132.0,66.02
2026-05-21,1211.2,1217.4,1192.0,1194.9,1443629.0,63.08
2026-05-22,1198.0,1204.0,1189.1,1191.8,1808205.0,67.73
2026-05-25,1191.0,1198.6,1181.5,1187.2,1811755.0,62.05
2026-05-26,1191.7,1200.2,1174.5,1187.6,1766780.0,55.58
2026-05-27,1190.0,1208.0,1184.7,1204.6,1608027.0,60.78
2026-05-28,1190.0,1208.0,1184.7,1204.6,1608027.0,60.78
2026-05-29,1204.6,1211.0,1168.4,1178.4,9836874.0,73.56
2026-06-01,1178.4,1182.5,1140.4,1143.3,2075188.0,67.21
2026-06-02,1126.5,1164.1,1124.2,1154.7,2873292.0,55.98
2026-06-03,1160.0,1163.9,1140.5,1144.0,1872463.0,52.8
2026-06-04,1135.0,1163.4,1135.0,1149.3,1711734.0,53.18
2026-06-05,1149.8,1156.0,1129.0,1130.9,998276.0,46.6
2026-06-08,1115.0,1124.6,1103.3,1107.0,762825.0,54.94
2026-06-09,1117.0,1117.0,1093.6,1106.5,757420.0,43.4
2026-06-10,1103.9,1134.3,1101.0,1108.0,2202915.0,41.43
2026-06-11,1108.0,1119.0,1105.0,1108.6,737748.0,47.71
2026-06-12,1120.8,1120.8,1096.7,1100.7,1455068.0,58.76
2026-06-15,1109.7,1117.0,1097.5,1100.4,1264668.0,56.46
2026-06-16,1111.2,1135.8,1107.6,1130.9,2602426.0,37.87
2026-06-17,1126.0,1134.2,1117.9,1124.5,931423.0,52.22
2026-06-18,1124.6,1132.0,1106.1,1111.4,871582.0,59.86
2026-06-19,1105.0,1118.5,1103.2,1111.5,1309050.0,50.76
2026-06-22,1111.5,1117.5,1105.2,1112.9,889468.0,58.03
2026-06-23,1118.0,1126.7,1101.1,1103.8,1416080.0,64.83
2026-06-24,1105.0,1109.1,1092.0,1098.1,1405228.0,57.17
2026-06-25,1104.9,1135.3,1099.8,1131.3,2959240.0,56.21
2026-06-26,1104.9,1135.3,1099.8,1131.3,2959240.0,56.21
2026-06-29,1142.6,1142.7,1102.0,1112.8,1632263.0,47.11
2026-06-30,1089.0,1097.7,1065.1,1075.6,5430865.0,60.05
2026-07-01,1078.9,1094.0,1072.1,1090.9,2201765.0,55.63
2026-07-02,1099.9,1115.0,1085.1,1107.2,2315853.0,59.79
2026-07-03,1115.3,1124.7,1096.3,1116.7,1546610.0,51.12
2026-07-06,1115.1,1122.4,1110.5,1117.9,942307.0,54.07
2026-07-07,1111.2,1130.0,1108.3,1125.0,1423870.0,62.78
2026-07-08,1112.9,1120.3,1084.3,1089.8,1518093.0,51.68
2026-07-09,1098.8,1114.2,1091.7,1106.7,1017956.0,50.31
2026-07-10,1105.0,1117.7,1105.0,1111.9,1189725.0,64.86
2026-07-13,1105.6,1106.6,1092.1,1098.6,1072732.0,61.35
2026-07-14,1089.8,1110.2,1089.8,1097.6,1581478.0,57.29
2026-07-15,1095.5,1101.9,1081.1,1085.5,1154409.0,57.12
2026-07-16,1088.3,1100.0,1081.7,1088.5,1188115.0,60.43
2026-07-17,1082.0,1091.8,1074.9,1088.6,1262534.0,52.22
2026-07-20,1089.0,1097.9,1085.3,1091.9,1003699.0,54.64
2026-07-21,1093.0,1096.5,1079.9,1081.5,1241515.0,63.12
2026-07-22,1074.2,1099.4,1071.1,1094.9,1519534.0,45.91
2026-07-23,1099.0,1111.0,1091.1,1107.7,1965538.0,52.55
2026-07-24,1100.0,1117.1,1079.0,1088.0,1644917.0,49.17
2026-07-27,1115.1,1123.4,1096.6,1107.4,2360635.0,45.7
2026-07-28,1108.0,1115.9,1078.2,1082.1,1500024.0,55.94
2026-07-29,1092.5,1106.6,1085.7,1096.1,1130132.0,52.01
2026-07-30,1096.1,1108.9,1090.4,1094.2,1677784.0,63.57
2026-07-31,1098.9,1098.9,1081.0,1083.1,1479617.0,62.1
2026-08-03,1085.0,1110.0,1083.1,1110.0,1322017.0,68.74
2026-08-04,1102.9,1104.4,1079.7,1092.0,2064394.0,57.75
2026-08-05,1086.3,1096.3,1082.9,1096.3,1294174.0,62.7
2026-08-06,1102.0,1102.0,1086.0,1090.0,1350606.0,61.09
2026-08-07,1082.2,1092.0,1078.0,1082.3,879013.0,62.64
2026-08-10,1085.6,1109.8,1082.3,1108.7,1417750.0,48.96
2026-08-11,1108.7,1109.6,1074.6,1078.0,1933872.0,50.25
2026-08-12,1077.0,1078.0,1054.3,1061.9,1713131.0,59.27
2026-08-13,1061.9,1095.0,1058.2,1090.5,1827014.0,51.05
2026-08-14,1090.5,1093.4,1079.5,1079.5,1039725.0,61.84
2026-08-19,1061.1,1071.5,1056.8,1068.0,1241204.0,58.37
2026-08-20,1068.6,1074.7,1056.3,1056.3,1684035.0,70.13
2026-08-21,1060.0,1062.0,1044.7,1049.0,1126589.0,50.54
2026-08-24,1049.0,1062.5,1041.8,1062.5,1085041.0,58.18
2026-08-25,1061.7,1061.7,1051.1,1060.5,717171.0,51.39
2026-08-26,1063.5,1063.5,1039.6,1047.1,1069304.0,61.85
2026-08-27,1041.0,1048.4,1035.6,1042.0,996048.0,62.46
2026-08-28,1047.0,1047.0,1030.4,1040.7,971764.0,71.99
2026-08-31,1036.4,1045.1,1028.0,1037.5,1686812.0,75.55
